timeStamp,elapsed,label,responseCode,responseMessage,threadName,dataType,success,failureMessage,bytes,sentBytes,grpThreads,allThreads,URL,Latency,IdleTime,Connect
1728472509771,377,https://app.quickconnect.biz/api/api/v1/conversations?page=1&perPage=20,200,OK,Thread Group 1-5,text,true,,1611,1491,42,42,https://app.quickconnect.biz/api/api/v1/conversations?perPage=20&page=1,377,0,45
1728472509745,403,https://app.quickconnect.biz/api/api/v1/conversations?page=1&perPage=20,200,OK,Thread Group 1-2,text,true,,1611,1491,42,42,https://app.quickconnect.biz/api/api/v1/conversations?perPage=20&page=1,403,0,51
1728472509731,417,https://app.quickconnect.biz/api/api/v1/conversations?page=1&perPage=20,200,OK,Thread Group 1-1,text,true,,1611,1491,42,42,https://app.quickconnect.biz/api/api/v1/conversations?perPage=20&page=1,417,0,65
1728472509780,369,https://app.quickconnect.biz/api/api/v1/conversations?page=1&perPage=20,200,OK,Thread Group 1-6,text,true,,1611,1491,43,43,https://app.quickconnect.biz/api/api/v1/conversations?perPage=20&page=1,369,0,55
1728472509790,385,https://app.quickconnect.biz/api/api/v1/conversations?page=1&perPage=20,200,OK,Thread Group 1-7,text,true,,1611,1491,45,45,https://app.quickconnect.biz/api/api/v1/conversations?perPage=20&page=1,385,0,36
1728472509761,440,https://app.quickconnect.biz/api/api/v1/conversations?page=1&perPage=20,200,OK,Thread Group 1-4,text,true,,1611,1491,48,48,https://app.quickconnect.biz/api/api/v1/conversations?perPage=20&page=1,440,0,51
1728472509760,462,https://app.quickconnect.biz/api/api/v1/conversations?page=1&perPage=20,200,OK,Thread Group 1-3,text,true,,1611,1491,50,50,https://app.quickconnect.biz/api/api/v1/conversations?perPage=20&page=1,462,0,57
1728472509811,427,https://app.quickconnect.biz/api/api/v1/conversations?page=1&perPage=20,200,OK,Thread Group 1-9,text,true,,1611,1491,51,51,https://app.quickconnect.biz/api/api/v1/conversations?perPage=20&page=1,427,0,38
1728472509839,446,https://app.quickconnect.biz/api/api/v1/conversations?page=1&perPage=20,200,OK,Thread Group 1-12,text,true,,1611,1491,56,56,https://app.quickconnect.biz/api/api/v1/conversations?perPage=20&page=1,446,0,41
1728472509820,478,https://app.quickconnect.biz/api/api/v1/conversations?page=1&perPage=20,200,OK,Thread Group 1-10,text,true,,1611,1491,57,57,https://app.quickconnect.biz/api/api/v1/conversations?perPage=20&page=1,478,0,43
1728472509831,474,https://app.quickconnect.biz/api/api/v1/conversations?page=1&perPage=20,200,OK,Thread Group 1-11,text,true,,1611,1491,58,58,https://app.quickconnect.biz/api/api/v1/conversations?perPage=20&page=1,474,0,49
1728472509801,509,https://app.quickconnect.biz/api/api/v1/conversations?page=1&perPage=20,200,OK,Thread Group 1-8,text,true,,1611,1491,58,58,https://app.quickconnect.biz/api/api/v1/conversations?perPage=20&page=1,509,0,47
1728472509870,443,https://app.quickconnect.biz/api/api/v1/conversations?page=1&perPage=20,200,OK,Thread Group 1-15,text,true,,1611,1491,59,59,https://app.quickconnect.biz/api/api/v1/conversations?perPage=20&page=1,443,0,37
1728472509860,522,https://app.quickconnect.biz/api/api/v1/conversations?page=1&perPage=20,200,OK,Thread Group 1-14,text,true,,1611,1491,65,65,https://app.quickconnect.biz/api/api/v1/conversations?perPage=20&page=1,522,0,47
1728472509849,542,https://app.quickconnect.biz/api/api/v1/conversations?page=1&perPage=20,200,OK,Thread Group 1-13,text,true,,1611,1491,67,67,https://app.quickconnect.biz/api/api/v1/conversations?perPage=20&page=1,542,0,41
1728472509901,642,https://app.quickconnect.biz/api/api/v1/conversations?page=1&perPage=20,200,OK,Thread Group 1-18,text,true,,1611,1491,82,82,https://app.quickconnect.biz/api/api/v1/conversations?perPage=20&page=1,642,0,31
1728472509880,668,https://app.quickconnect.biz/api/api/v1/conversations?page=1&perPage=20,200,OK,Thread Group 1-16,text,true,,1611,1491,82,82,https://app.quickconnect.biz/api/api/v1/conversations?perPage=20&page=1,668,0,44
1728472509890,658,https://app.quickconnect.biz/api/api/v1/conversations?page=1&perPage=20,200,OK,Thread Group 1-17,text,true,,1611,1491,82,82,https://app.quickconnect.biz/api/api/v1/conversations?perPage=20&page=1,658,0,46
1728472509911,723,https://app.quickconnect.biz/api/api/v1/conversations?page=1&perPage=20,200,OK,Thread Group 1-19,text,true,,1611,1491,91,91,https://app.quickconnect.biz/api/api/v1/conversations?perPage=20&page=1,723,0,45
1728472509960,683,https://app.quickconnect.biz/api/api/v1/conversations?page=1&perPage=20,200,OK,Thread Group 1-24,text,true,,1611,1491,92,92,https://app.quickconnect.biz/api/api/v1/conversations?perPage=20&page=1,683,0,46
1728472509980,663,https://app.quickconnect.biz/api/api/v1/conversations?page=1&perPage=20,200,OK,Thread Group 1-26,text,true,,1611,1491,92,92,https://app.quickconnect.biz/api/api/v1/conversations?perPage=20&page=1,663,0,63
1728472509952,792,https://app.quickconnect.biz/api/api/v1/conversations?page=1&perPage=20,200,OK,Thread Group 1-23,text,true,,1611,1491,100,100,https://app.quickconnect.biz/api/api/v1/conversations?perPage=20&page=1,792,0,46
1728472510021,726,https://app.quickconnect.biz/api/api/v1/conversations?page=1&perPage=20,200,OK,Thread Group 1-30,text,true,,1611,1491,100,100,https://app.quickconnect.biz/api/api/v1/conversations?perPage=20&page=1,726,0,92
1728472509941,808,https://app.quickconnect.biz/api/api/v1/conversations?page=1&perPage=20,200,OK,Thread Group 1-22,text,true,,1611,1491,100,100,https://app.quickconnect.biz/api/api/v1/conversations?perPage=20&page=1,808,0,56
1728472510140,661,https://app.quickconnect.biz/api/api/v1/conversations?page=1&perPage=20,200,OK,Thread Group 1-42,text,true,,1611,1491,100,100,https://app.quickconnect.biz/api/api/v1/conversations?perPage=20&page=1,661,0,62
1728472509990,811,https://app.quickconnect.biz/api/api/v1/conversations?page=1&perPage=20,200,OK,Thread Group 1-27,text,true,,1611,1491,100,100,https://app.quickconnect.biz/api/api/v1/conversations?perPage=20&page=1,811,0,93
1728472509921,882,https://app.quickconnect.biz/api/api/v1/conversations?page=1&perPage=20,200,OK,Thread Group 1-20,text,true,,1611,1491,100,100,https://app.quickconnect.biz/api/api/v1/conversations?perPage=20&page=1,882,0,40
1728472509970,903,https://app.quickconnect.biz/api/api/v1/conversations?page=1&perPage=20,200,OK,Thread Group 1-25,text,true,,1611,1491,100,100,https://app.quickconnect.biz/api/api/v1/conversations?perPage=20&page=1,903,0,72
1728472510041,841,https://app.quickconnect.biz/api/api/v1/conversations?page=1&perPage=20,200,OK,Thread Group 1-32,text,true,,1611,1491,100,100,https://app.quickconnect.biz/api/api/v1/conversations?perPage=20&page=1,841,0,68
1728472510080,802,https://app.quickconnect.biz/api/api/v1/conversations?page=1&perPage=20,200,OK,Thread Group 1-36,text,true,,1611,1491,100,100,https://app.quickconnect.biz/api/api/v1/conversations?perPage=20&page=1,802,0,69
1728472510000,882,https://app.quickconnect.biz/api/api/v1/conversations?page=1&perPage=20,200,OK,Thread Group 1-28,text,true,,1611,1491,100,100,https://app.quickconnect.biz/api/api/v1/conversations?perPage=20&page=1,882,0,100
1728472510070,812,https://app.quickconnect.biz/api/api/v1/conversations?page=1&perPage=20,200,OK,Thread Group 1-35,text,true,,1611,1491,100,100,https://app.quickconnect.biz/api/api/v1/conversations?perPage=20&page=1,812,0,68
1728472509931,951,https://app.quickconnect.biz/api/api/v1/conversations?page=1&perPage=20,200,OK,Thread Group 1-21,text,true,,1611,1491,100,100,https://app.quickconnect.biz/api/api/v1/conversations?perPage=20&page=1,951,0,40
1728472510175,712,https://app.quickconnect.biz/api/api/v1/campaigns/latest-campaigns-with-delivery-stats,200,OK,Thread Group 1-7,text,true,,904,1784,100,100,https://app.quickconnect.biz/api/api/v1/campaigns/latest-campaigns-with-delivery-stats,712,0,0
1728472510101,796,https://app.quickconnect.biz/api/api/v1/conversations?page=1&perPage=20,200,OK,Thread Group 1-38,text,true,,1611,1491,100,100,https://app.quickconnect.biz/api/api/v1/conversations?perPage=20&page=1,796,0,59
1728472510130,769,https://app.quickconnect.biz/api/api/v1/conversations?page=1&perPage=20,200,OK,Thread Group 1-41,text,true,,1611,1491,100,100,https://app.quickconnect.biz/api/api/v1/conversations?perPage=20&page=1,769,0,72
1728472510032,871,https://app.quickconnect.biz/api/api/v1/conversations?page=1&perPage=20,200,OK,Thread Group 1-31,text,true,,1611,1491,100,100,https://app.quickconnect.biz/api/api/v1/conversations?perPage=20&page=1,871,0,74
1728472510181,724,https://app.quickconnect.biz/api/api/v1/conversations?page=1&perPage=20,200,OK,Thread Group 1-46,text,true,,1611,1491,100,100,https://app.quickconnect.biz/api/api/v1/conversations?perPage=20&page=1,724,0,49
1728472510051,862,https://app.quickconnect.biz/api/api/v1/conversations?page=1&perPage=20,200,OK,Thread Group 1-33,text,true,,1611,1491,100,100,https://app.quickconnect.biz/api/api/v1/conversations?perPage=20&page=1,861,0,98
1728472510222,692,https://app.quickconnect.biz/api/api/v1/campaigns/latest-campaigns-with-delivery-stats,200,OK,Thread Group 1-3,text,true,,904,1784,100,100,https://app.quickconnect.biz/api/api/v1/campaigns/latest-campaigns-with-delivery-stats,692,0,0
1728472510091,929,https://app.quickconnect.biz/api/api/v1/conversations?page=1&perPage=20,200,OK,Thread Group 1-37,text,true,,1611,1491,100,100,https://app.quickconnect.biz/api/api/v1/conversations?perPage=20&page=1,929,0,59
1728472510161,859,https://app.quickconnect.biz/api/api/v1/conversations?page=1&perPage=20,200,OK,Thread Group 1-44,text,true,,1611,1491,100,100,https://app.quickconnect.biz/api/api/v1/conversations?perPage=20&page=1,859,0,62
1728472510011,1009,https://app.quickconnect.biz/api/api/v1/conversations?page=1&perPage=20,200,OK,Thread Group 1-29,text,true,,1611,1491,100,100,https://app.quickconnect.biz/api/api/v1/conversations?perPage=20&page=1,1009,0,92
1728472510149,871,https://app.quickconnect.biz/api/api/v1/campaigns/latest-campaigns-with-delivery-stats,200,OK,Thread Group 1-2,text,true,,904,1784,100,100,https://app.quickconnect.biz/api/api/v1/campaigns/latest-campaigns-with-delivery-stats,871,0,0
1728472510150,876,https://app.quickconnect.biz/api/api/v1/conversations?page=1&perPage=20,200,OK,Thread Group 1-43,text,true,,1611,1491,100,100,https://app.quickconnect.biz/api/api/v1/conversations?perPage=20&page=1,876,0,85
1728472510220,806,https://app.quickconnect.biz/api/api/v1/conversations?page=1&perPage=20,200,OK,Thread Group 1-50,text,true,,1611,1491,100,100,https://app.quickconnect.biz/api/api/v1/conversations?perPage=20&page=1,806,0,40
1728472510171,855,https://app.quickconnect.biz/api/api/v1/conversations?page=1&perPage=20,200,OK,Thread Group 1-45,text,true,,1611,1491,100,100,https://app.quickconnect.biz/api/api/v1/conversations?perPage=20&page=1,855,0,51
1728472510121,911,https://app.quickconnect.biz/api/api/v1/conversations?page=1&perPage=20,200,OK,Thread Group 1-40,text,true,,1611,1491,100,100,https://app.quickconnect.biz/api/api/v1/conversations?perPage=20&page=1,911,0,72
1728472510202,897,https://app.quickconnect.biz/api/api/v1/campaigns/latest-campaigns-with-delivery-stats,200,OK,Thread Group 1-4,text,true,,904,1784,100,100,https://app.quickconnect.biz/api/api/v1/campaigns/latest-campaigns-with-delivery-stats,897,0,0
1728472510191,908,https://app.quickconnect.biz/api/api/v1/conversations?page=1&perPage=20,200,OK,Thread Group 1-47,text,true,,1611,1491,100,100,https://app.quickconnect.biz/api/api/v1/conversations?perPage=20&page=1,908,0,44
1728472510150,949,https://app.quickconnect.biz/api/api/v1/campaigns/latest-campaigns-with-delivery-stats,200,OK,Thread Group 1-1,text,true,,904,1784,100,100,https://app.quickconnect.biz/api/api/v1/campaigns/latest-campaigns-with-delivery-stats,949,0,0
1728472510111,988,https://app.quickconnect.biz/api/api/v1/conversations?page=1&perPage=20,200,OK,Thread Group 1-39,text,true,,1611,1491,100,100,https://app.quickconnect.biz/api/api/v1/conversations?perPage=20&page=1,988,0,82
1728472510298,892,https://app.quickconnect.biz/api/api/v1/campaigns/latest-campaigns-with-delivery-stats,200,OK,Thread Group 1-10,text,true,,904,1784,100,100,https://app.quickconnect.biz/api/api/v1/campaigns/latest-campaigns-with-delivery-stats,892,0,0
1728472510212,981,https://app.quickconnect.biz/api/api/v1/conversations?page=1&perPage=20,200,OK,Thread Group 1-49,text,true,,1611,1491,100,100,https://app.quickconnect.biz/api/api/v1/conversations?perPage=20&page=1,981,0,48
1728472510061,1135,https://app.quickconnect.biz/api/api/v1/conversations?page=1&perPage=20,200,OK,Thread Group 1-34,text,true,,1611,1491,100,100,https://app.quickconnect.biz/api/api/v1/conversations?perPage=20&page=1,1135,0,88
1728472510150,1059,https://app.quickconnect.biz/api/api/v1/campaigns/latest-campaigns-with-delivery-stats,200,OK,Thread Group 1-6,text,true,,904,1784,100,100,https://app.quickconnect.biz/api/api/v1/campaigns/latest-campaigns-with-delivery-stats,1059,0,0
1728472510149,1062,https://app.quickconnect.biz/api/api/v1/campaigns/latest-campaigns-with-delivery-stats,200,OK,Thread Group 1-5,text,true,,904,1784,100,100,https://app.quickconnect.biz/api/api/v1/campaigns/latest-campaigns-with-delivery-stats,1062,0,0
1728472510201,1075,https://app.quickconnect.biz/api/api/v1/conversations?page=1&perPage=20,200,OK,Thread Group 1-48,text,true,,1611,1491,100,100,https://app.quickconnect.biz/api/api/v1/conversations?perPage=20&page=1,1075,0,53
1728472510242,1052,https://app.quickconnect.biz/api/api/v1/conversations?page=1&perPage=20,200,OK,Thread Group 1-52,text,true,,1611,1491,100,100,https://app.quickconnect.biz/api/api/v1/conversations?perPage=20&page=1,1052,0,39
1728472510251,1073,https://app.quickconnect.biz/api/api/v1/conversations?page=1&perPage=20,200,OK,Thread Group 1-53,text,true,,1611,1491,100,100,https://app.quickconnect.biz/api/api/v1/conversations?perPage=20&page=1,1073,0,48
1728472510305,1078,https://app.quickconnect.biz/api/api/v1/campaigns/latest-campaigns-with-delivery-stats,200,OK,Thread Group 1-11,text,true,,904,1784,100,100,https://app.quickconnect.biz/api/api/v1/campaigns/latest-campaigns-with-delivery-stats,1078,0,0
1728472510262,1123,https://app.quickconnect.biz/api/api/v1/conversations?page=1&perPage=20,200,OK,Thread Group 1-54,text,true,,1611,1491,100,100,https://app.quickconnect.biz/api/api/v1/conversations?perPage=20&page=1,1123,0,36
1728472510291,1098,https://app.quickconnect.biz/api/api/v1/conversations?page=1&perPage=20,200,OK,Thread Group 1-57,text,true,,1611,1491,100,100,https://app.quickconnect.biz/api/api/v1/conversations?perPage=20&page=1,1098,0,45
1728472510310,1107,https://app.quickconnect.biz/api/api/v1/campaigns/latest-campaigns-with-delivery-stats,200,OK,Thread Group 1-8,text,true,,904,1784,100,100,https://app.quickconnect.biz/api/api/v1/campaigns/latest-campaigns-with-delivery-stats,1107,0,0
1728472510272,1147,https://app.quickconnect.biz/api/api/v1/conversations?page=1&perPage=20,200,OK,Thread Group 1-55,text,true,,1611,1491,100,100,https://app.quickconnect.biz/api/api/v1/conversations?perPage=20&page=1,1147,0,46
1728472510230,1201,https://app.quickconnect.biz/api/api/v1/conversations?page=1&perPage=20,200,OK,Thread Group 1-51,text,true,,1611,1491,100,100,https://app.quickconnect.biz/api/api/v1/conversations?perPage=20&page=1,1201,0,51
1728472510282,1231,https://app.quickconnect.biz/api/api/v1/conversations?page=1&perPage=20,200,OK,Thread Group 1-56,text,true,,1611,1491,100,100,https://app.quickconnect.biz/api/api/v1/conversations?perPage=20&page=1,1231,0,44
1728472510313,1231,https://app.quickconnect.biz/api/api/v1/campaigns/latest-campaigns-with-delivery-stats,200,OK,Thread Group 1-15,text,true,,904,1784,100,100,https://app.quickconnect.biz/api/api/v1/campaigns/latest-campaigns-with-delivery-stats,1231,0,0
1728472510441,1153,https://app.quickconnect.biz/api/api/v1/conversations?page=1&perPage=20,200,OK,Thread Group 1-72,text,true,,1611,1491,100,100,https://app.quickconnect.biz/api/api/v1/conversations?perPage=20&page=1,1153,0,150
1728472510362,1240,https://app.quickconnect.biz/api/api/v1/conversations?page=1&perPage=20,200,OK,Thread Group 1-64,text,true,,1611,1491,100,100,https://app.quickconnect.biz/api/api/v1/conversations?perPage=20&page=1,1240,0,34
1728472510238,1366,https://app.quickconnect.biz/api/api/v1/campaigns/latest-campaigns-with-delivery-stats,200,OK,Thread Group 1-9,text,true,,904,1784,100,100,https://app.quickconnect.biz/api/api/v1/campaigns/latest-campaigns-with-delivery-stats,1366,0,0
1728472510382,1233,https://app.quickconnect.biz/api/api/v1/campaigns/latest-campaigns-with-delivery-stats,200,OK,Thread Group 1-14,text,true,,904,1784,100,100,https://app.quickconnect.biz/api/api/v1/campaigns/latest-campaigns-with-delivery-stats,1233,0,0
1728472510312,1309,https://app.quickconnect.biz/api/api/v1/conversations?page=1&perPage=20,200,OK,Thread Group 1-59,text,true,,1611,1491,100,100,https://app.quickconnect.biz/api/api/v1/conversations?perPage=20&page=1,1309,0,33
1728472510321,1300,https://app.quickconnect.biz/api/api/v1/conversations?page=1&perPage=20,200,OK,Thread Group 1-60,text,true,,1611,1491,100,100,https://app.quickconnect.biz/api/api/v1/conversations?perPage=20&page=1,1300,0,42
1728472510301,1335,https://app.quickconnect.biz/api/api/v1/conversations?page=1&perPage=20,200,OK,Thread Group 1-58,text,true,,1611,1491,100,100,https://app.quickconnect.biz/api/api/v1/conversations?perPage=20&page=1,1335,0,40
1728472510353,1336,https://app.quickconnect.biz/api/api/v1/conversations?page=1&perPage=20,200,OK,Thread Group 1-63,text,true,,1611,1491,100,100,https://app.quickconnect.biz/api/api/v1/conversations?perPage=20&page=1,1336,0,35
1728472510411,1280,https://app.quickconnect.biz/api/api/v1/conversations?page=1&perPage=20,200,OK,Thread Group 1-69,text,true,,1611,1491,100,100,https://app.quickconnect.biz/api/api/v1/conversations?perPage=20&page=1,1280,0,133
1728472510285,1426,https://app.quickconnect.biz/api/api/v1/campaigns/latest-campaigns-with-delivery-stats,200,OK,Thread Group 1-12,text,true,,904,1784,100,100,https://app.quickconnect.biz/api/api/v1/campaigns/latest-campaigns-with-delivery-stats,1426,0,0
1728472510383,1328,https://app.quickconnect.biz/api/api/v1/conversations?page=1&perPage=20,200,OK,Thread Group 1-66,text,true,,1611,1491,100,100,https://app.quickconnect.biz/api/api/v1/conversations?perPage=20&page=1,1328,0,43
1728472510500,1235,https://app.quickconnect.biz/api/api/v1/conversations?page=1&perPage=20,200,OK,Thread Group 1-78,text,true,,1611,1491,100,100,https://app.quickconnect.biz/api/api/v1/conversations?perPage=20&page=1,1235,0,91
1728472510391,1344,https://app.quickconnect.biz/api/api/v1/campaigns/latest-campaigns-with-delivery-stats,200,OK,Thread Group 1-13,text,true,,904,1784,100,100,https://app.quickconnect.biz/api/api/v1/campaigns/latest-campaigns-with-delivery-stats,1344,0,0
1728472510343,1395,https://app.quickconnect.biz/api/api/v1/conversations?page=1&perPage=20,200,OK,Thread Group 1-62,text,true,,1611,1491,100,100,https://app.quickconnect.biz/api/api/v1/conversations?perPage=20&page=1,1395,0,37
1728472510371,1417,https://app.quickconnect.biz/api/api/v1/conversations?page=1&perPage=20,200,OK,Thread Group 1-65,text,true,,1611,1491,100,100,https://app.quickconnect.biz/api/api/v1/conversations?perPage=20&page=1,1417,0,34
1728472510400,1413,https://app.quickconnect.biz/api/api/v1/conversations?page=1&perPage=20,200,OK,Thread Group 1-68,text,true,,1611,1491,100,100,https://app.quickconnect.biz/api/api/v1/conversations?perPage=20&page=1,1413,0,82
1728472510490,1328,https://app.quickconnect.biz/api/api/v1/conversations?page=1&perPage=20,200,OK,Thread Group 1-77,text,true,,1611,1491,100,100,https://app.quickconnect.biz/api/api/v1/conversations?perPage=20&page=1,1328,0,103
1728472510543,1275,https://app.quickconnect.biz/api/api/v1/campaigns/latest-campaigns-with-delivery-stats,200,OK,Thread Group 1-18,text,true,,904,1784,100,100,https://app.quickconnect.biz/api/api/v1/campaigns/latest-campaigns-with-delivery-stats,1275,0,0
1728472510332,1491,https://app.quickconnect.biz/api/api/v1/conversations?page=1&perPage=20,200,OK,Thread Group 1-61,text,true,,1611,1491,100,100,https://app.quickconnect.biz/api/api/v1/conversations?perPage=20&page=1,1491,0,38
1728472510480,1346,https://app.quickconnect.biz/api/api/v1/conversations?page=1&perPage=20,200,OK,Thread Group 1-76,text,true,,1611,1491,100,100,https://app.quickconnect.biz/api/api/v1/conversations?perPage=20&page=1,1346,0,155
1728472510643,1183,https://app.quickconnect.biz/api/api/v1/campaigns/latest-campaigns-with-delivery-stats,200,OK,Thread Group 1-26,text,true,,904,1784,100,100,https://app.quickconnect.biz/api/api/v1/campaigns/latest-campaigns-with-delivery-stats,1183,0,0
1728472510390,1494,https://app.quickconnect.biz/api/api/v1/conversations?page=1&perPage=20,200,OK,Thread Group 1-67,text,true,,1611,1491,100,100,https://app.quickconnect.biz/api/api/v1/conversations?perPage=20&page=1,1494,0,36
1728472510548,1446,https://app.quickconnect.biz/api/api/v1/campaigns/latest-campaigns-with-delivery-stats,200,OK,Thread Group 1-16,text,true,,904,1784,100,100,https://app.quickconnect.biz/api/api/v1/campaigns/latest-campaigns-with-delivery-stats,1446,0,0
1728472510461,1541,https://app.quickconnect.biz/api/api/v1/conversations?page=1&perPage=20,200,OK,Thread Group 1-74,text,true,,1611,1491,100,100,https://app.quickconnect.biz/api/api/v1/conversations?perPage=20&page=1,1541,0,114
1728472510611,1393,https://app.quickconnect.biz/api/api/v1/conversations?page=1&perPage=20,200,OK,Thread Group 1-89,text,true,,1611,1491,100,100,https://app.quickconnect.biz/api/api/v1/conversations?perPage=20&page=1,1393,0,134
1728472510451,1564,https://app.quickconnect.biz/api/api/v1/conversations?page=1&perPage=20,200,OK,Thread Group 1-73,text,true,,1611,1491,100,100,https://app.quickconnect.biz/api/api/v1/conversations?perPage=20&page=1,1564,0,140
1728472510635,1443,https://app.quickconnect.biz/api/api/v1/campaigns/latest-campaigns-with-delivery-stats,200,OK,Thread Group 1-19,text,true,,904,1784,100,100,https://app.quickconnect.biz/api/api/v1/campaigns/latest-campaigns-with-delivery-stats,1443,0,0
1728472510420,1671,https://app.quickconnect.biz/api/api/v1/conversations?page=1&perPage=20,200,OK,Thread Group 1-70,text,true,,1611,1491,100,100,https://app.quickconnect.biz/api/api/v1/conversations?perPage=20&page=1,1671,0,129
1728472510551,1561,https://app.quickconnect.biz/api/api/v1/conversations?page=1&perPage=20,200,OK,Thread Group 1-83,text,true,,1611,1491,100,100,https://app.quickconnect.biz/api/api/v1/conversations?perPage=20&page=1,1561,0,111
1728472510548,1582,https://app.quickconnect.biz/api/api/v1/campaigns/latest-campaigns-with-delivery-stats,200,OK,Thread Group 1-17,text,true,,904,1784,100,100,https://app.quickconnect.biz/api/api/v1/campaigns/latest-campaigns-with-delivery-stats,1582,0,0
1728472510541,1594,https://app.quickconnect.biz/api/api/v1/conversations?page=1&perPage=20,200,OK,Thread Group 1-82,text,true,,1611,1491,100,100,https://app.quickconnect.biz/api/api/v1/conversations?perPage=20&page=1,1594,0,102
1728472510431,1754,https://app.quickconnect.biz/api/api/v1/conversations?page=1&perPage=20,200,OK,Thread Group 1-71,text,true,,1611,1491,100,100,https://app.quickconnect.biz/api/api/v1/conversations?perPage=20&page=1,1754,0,160
1728472510531,1663,https://app.quickconnect.biz/api/api/v1/conversations?page=1&perPage=20,200,OK,Thread Group 1-81,text,true,,1611,1491,100,100,https://app.quickconnect.biz/api/api/v1/conversations?perPage=20&page=1,1663,0,112
1728472510470,1731,https://app.quickconnect.biz/api/api/v1/conversations?page=1&perPage=20,200,OK,Thread Group 1-75,text,true,,1611,1491,100,100,https://app.quickconnect.biz/api/api/v1/conversations?perPage=20&page=1,1731,0,105
1728472510510,1701,https://app.quickconnect.biz/api/api/v1/conversations?page=1&perPage=20,200,OK,Thread Group 1-79,text,true,,1611,1491,100,100,https://app.quickconnect.biz/api/api/v1/conversations?perPage=20&page=1,1701,0,127
1728472510749,1555,https://app.quickconnect.biz/api/api/v1/campaigns/latest-campaigns-with-delivery-stats,200,OK,Thread Group 1-22,text,true,,904,1784,100,100,https://app.quickconnect.biz/api/api/v1/campaigns/latest-campaigns-with-delivery-stats,1555,0,0
1728472510521,1789,https://app.quickconnect.biz/api/api/v1/conversations?page=1&perPage=20,200,OK,Thread Group 1-80,text,true,,1611,1491,100,100,https://app.quickconnect.biz/api/api/v1/conversations?perPage=20&page=1,1789,0,114
1728472510591,1797,https://app.quickconnect.biz/api/api/v1/conversations?page=1&perPage=20,200,OK,Thread Group 1-87,text,true,,1611,1491,100,100,https://app.quickconnect.biz/api/api/v1/conversations?perPage=20&page=1,1797,0,154
1728472510748,1642,https://app.quickconnect.biz/api/api/v1/campaigns/latest-campaigns-with-delivery-stats,200,OK,Thread Group 1-30,text,true,,904,1784,100,100,https://app.quickconnect.biz/api/api/v1/campaigns/latest-campaigns-with-delivery-stats,1642,0,0
1728472510651,1744,https://app.quickconnect.biz/api/api/v1/conversations?page=1&perPage=20,200,OK,Thread Group 1-93,text,true,,1611,1491,100,100,https://app.quickconnect.biz/api/api/v1/conversations?perPage=20&page=1,1744,0,128
1728472510802,1597,https://app.quickconnect.biz/api/api/v1/campaigns/latest-campaigns-with-delivery-stats,200,OK,Thread Group 1-42,text,true,,904,1784,100,100,https://app.quickconnect.biz/api/api/v1/campaigns/latest-campaigns-with-delivery-stats,1597,0,0
1728472510561,1861,https://app.quickconnect.biz/api/api/v1/conversations?page=1&perPage=20,200,OK,Thread Group 1-84,text,true,,1611,1491,100,100,https://app.quickconnect.biz/api/api/v1/conversations?perPage=20&page=1,1861,0,173
1728472510601,1898,https://app.quickconnect.biz/api/api/v1/conversations?page=1&perPage=20,200,OK,Thread Group 1-88,text,true,,1611,1491,100,100,https://app.quickconnect.biz/api/api/v1/conversations?perPage=20&page=1,1898,0,144
1728472510641,1864,https://app.quickconnect.biz/api/api/v1/conversations?page=1&perPage=20,200,OK,Thread Group 1-92,text,true,,1611,1491,100,100,https://app.quickconnect.biz/api/api/v1/conversations?perPage=20&page=1,1864,0,137
1728472510643,1872,https://app.quickconnect.biz/api/api/v1/campaigns/latest-campaigns-with-delivery-stats,200,OK,Thread Group 1-24,text,true,,904,1784,100,100,https://app.quickconnect.biz/api/api/v1/campaigns/latest-campaigns-with-delivery-stats,1872,0,0
1728472510621,2009,https://app.quickconnect.biz/api/api/v1/conversations?page=1&perPage=20,200,OK,Thread Group 1-90,text,true,,1611,1491,100,100,https://app.quickconnect.biz/api/api/v1/conversations?perPage=20&page=1,2009,0,152
1728472510745,1887,https://app.quickconnect.biz/api/api/v1/campaigns/latest-campaigns-with-delivery-stats,200,OK,Thread Group 1-23,text,true,,904,1784,100,100,https://app.quickconnect.biz/api/api/v1/campaigns/latest-campaigns-with-delivery-stats,1887,0,0
1728472510631,2005,https://app.quickconnect.biz/api/api/v1/conversations?page=1&perPage=20,200,OK,Thread Group 1-91,text,true,,1611,1491,100,100,https://app.quickconnect.biz/api/api/v1/conversations?perPage=20&page=1,2005,0,143
1728472510722,1957,https://app.quickconnect.biz/api/api/v1/conversations?page=1&perPage=20,200,OK,Thread Group 1-100,text,true,,1611,1491,100,100,https://app.quickconnect.biz/api/api/v1/conversations?perPage=20&page=1,1957,0,153
1728472510874,1815,https://app.quickconnect.biz/api/api/v1/campaigns/latest-campaigns-with-delivery-stats,200,OK,Thread Group 1-25,text,true,,904,1784,100,100,https://app.quickconnect.biz/api/api/v1/campaigns/latest-campaigns-with-delivery-stats,1815,0,0
1728472510882,1825,https://app.quickconnect.biz/api/api/v1/campaigns/latest-campaigns-with-delivery-stats,200,OK,Thread Group 1-21,text,true,,904,1784,100,100,https://app.quickconnect.biz/api/api/v1/campaigns/latest-campaigns-with-delivery-stats,1825,0,0
1728472510570,2156,https://app.quickconnect.biz/api/api/v1/conversations?page=1&perPage=20,200,OK,Thread Group 1-85,text,true,,1611,1491,100,100,https://app.quickconnect.biz/api/api/v1/conversations?perPage=20&page=1,2156,0,175
1728472510904,1824,https://app.quickconnect.biz/api/api/v1/campaigns/latest-campaigns-with-delivery-stats,200,OK,Thread Group 1-31,text,true,,904,1784,100,100,https://app.quickconnect.biz/api/api/v1/campaigns/latest-campaigns-with-delivery-stats,1824,0,0
1728472510661,2070,https://app.quickconnect.biz/api/api/v1/conversations?page=1&perPage=20,200,OK,Thread Group 1-94,text,true,,1611,1491,100,100,https://app.quickconnect.biz/api/api/v1/conversations?perPage=20&page=1,2070,0,142
1728472510888,1888,https://app.quickconnect.biz/api/api/v1/dashboard/bar-diagram,200,OK,Thread Group 1-7,text,true,,1039,1866,100,100,https://app.quickconnect.biz/api/api/v1/dashboard/bar-diagram,1888,0,0
1728472509790,2985,Dashboard Test,200,"Number of samples in transaction : 3, number of failing samples : 0",Thread Group 1-7,,true,,3554,5141,100,100,null,2985,1,36
1728472510914,1872,https://app.quickconnect.biz/api/api/v1/dashboard/bar-diagram,200,OK,Thread Group 1-3,text,true,,1039,1866,99,99,https://app.quickconnect.biz/api/api/v1/dashboard/bar-diagram,1872,0,0
1728472509760,3026,Dashboard Test,200,"Number of samples in transaction : 3, number of failing samples : 0",Thread Group 1-3,,true,,3554,5141,99,99,null,3026,0,57
1728472510913,1875,https://app.quickconnect.biz/api/api/v1/campaigns/latest-campaigns-with-delivery-stats,200,OK,Thread Group 1-33,text,true,,904,1784,98,98,https://app.quickconnect.biz/api/api/v1/campaigns/latest-campaigns-with-delivery-stats,1875,0,0
1728472510905,1918,https://app.quickconnect.biz/api/api/v1/campaigns/latest-campaigns-with-delivery-stats,200,OK,Thread Group 1-46,text,true,,904,1784,98,98,https://app.quickconnect.biz/api/api/v1/campaigns/latest-campaigns-with-delivery-stats,1918,0,0
1728472510900,1934,https://app.quickconnect.biz/api/api/v1/campaigns/latest-campaigns-with-delivery-stats,200,OK,Thread Group 1-41,text,true,,904,1784,98,98,https://app.quickconnect.biz/api/api/v1/campaigns/latest-campaigns-with-delivery-stats,1934,0,0
1728472510580,2261,https://app.quickconnect.biz/api/api/v1/conversations?page=1&perPage=20,200,OK,Thread Group 1-86,text,true,,1611,1491,98,98,https://app.quickconnect.biz/api/api/v1/conversations?perPage=20&page=1,2261,0,165
1728472511027,1860,https://app.quickconnect.biz/api/api/v1/campaigns/latest-campaigns-with-delivery-stats,200,OK,Thread Group 1-43,text,true,,904,1784,98,98,https://app.quickconnect.biz/api/api/v1/campaigns/latest-campaigns-with-delivery-stats,1860,0,0
1728472511100,1796,https://app.quickconnect.biz/api/api/v1/campaigns/latest-campaigns-with-delivery-stats,200,OK,Thread Group 1-39,text,true,,904,1784,98,98,https://app.quickconnect.biz/api/api/v1/campaigns/latest-campaigns-with-delivery-stats,1796,0,0
1728472510882,2026,https://app.quickconnect.biz/api/api/v1/campaigns/latest-campaigns-with-delivery-stats,200,OK,Thread Group 1-32,text,true,,904,1784,98,98,https://app.quickconnect.biz/api/api/v1/campaigns/latest-campaigns-with-delivery-stats,2026,0,0
1728472510711,2202,https://app.quickconnect.biz/api/api/v1/conversations?page=1&perPage=20,200,OK,Thread Group 1-99,text,true,,1611,1491,98,98,https://app.quickconnect.biz/api/api/v1/conversations?perPage=20&page=1,2202,0,164
1728472510671,2245,https://app.quickconnect.biz/api/api/v1/conversations?page=1&perPage=20,200,OK,Thread Group 1-95,text,true,,1611,1491,98,98,https://app.quickconnect.biz/api/api/v1/conversations?perPage=20&page=1,2245,0,132
1728472510803,2142,https://app.quickconnect.biz/api/api/v1/campaigns/latest-campaigns-with-delivery-stats,200,OK,Thread Group 1-20,text,true,,904,1784,98,98,https://app.quickconnect.biz/api/api/v1/campaigns/latest-campaigns-with-delivery-stats,2142,0,0
1728472511209,1809,https://app.quickconnect.biz/api/api/v1/dashboard/bar-diagram,200,OK,Thread Group 1-6,text,true,,1039,1866,98,98,https://app.quickconnect.biz/api/api/v1/dashboard/bar-diagram,1809,0,0
1728472509780,3237,Dashboard Test,200,"Number of samples in transaction : 3, number of failing samples : 0",Thread Group 1-6,,true,,3554,5141,98,98,null,3237,1,55
1728472511417,1705,https://app.quickconnect.biz/api/api/v1/dashboard/bar-diagram,200,OK,Thread Group 1-8,text,true,,1039,1866,97,97,https://app.quickconnect.biz/api/api/v1/dashboard/bar-diagram,1705,0,0
1728472509801,3321,Dashboard Test,200,"Number of samples in transaction : 3, number of failing samples : 0",Thread Group 1-8,,true,,3554,5141,97,97,null,3321,0,47
1728472510802,2340,https://app.quickconnect.biz/api/api/v1/campaigns/latest-campaigns-with-delivery-stats,200,OK,Thread Group 1-27,text,true,,904,1784,96,96,https://app.quickconnect.biz/api/api/v1/campaigns/latest-campaigns-with-delivery-stats,2340,0,0
1728472511021,2160,https://app.quickconnect.biz/api/api/v1/dashboard/bar-diagram,200,OK,Thread Group 1-2,text,true,,1039,1866,96,96,https://app.quickconnect.biz/api/api/v1/dashboard/bar-diagram,2160,0,0
1728472509744,3434,Dashboard Test,200,"Number of samples in transaction : 3, number of failing samples : 0",Thread Group 1-2,,true,,3554,5141,96,96,null,3434,3,51
1728472511027,2187,https://app.quickconnect.biz/api/api/v1/campaigns/latest-campaigns-with-delivery-stats,200,OK,Thread Group 1-45,text,true,,904,1784,95,95,https://app.quickconnect.biz/api/api/v1/campaigns/latest-campaigns-with-delivery-stats,2187,0,0
1728472510882,2348,https://app.quickconnect.biz/api/api/v1/campaigns/latest-campaigns-with-delivery-stats,200,OK,Thread Group 1-36,text,true,,904,1784,95,95,https://app.quickconnect.biz/api/api/v1/campaigns/latest-campaigns-with-delivery-stats,2348,0,0
1728472511325,1997,https://app.quickconnect.biz/api/api/v1/campaigns/latest-campaigns-with-delivery-stats,200,OK,Thread Group 1-53,text,true,,904,1784,95,95,https://app.quickconnect.biz/api/api/v1/campaigns/latest-campaigns-with-delivery-stats,1997,0,0
1728472511637,1686,https://app.quickconnect.biz/api/api/v1/campaigns/latest-campaigns-with-delivery-stats,200,OK,Thread Group 1-58,text,true,,904,1784,95,95,https://app.quickconnect.biz/api/api/v1/campaigns/latest-campaigns-with-delivery-stats,1686,0,0
1728472510882,2443,https://app.quickconnect.biz/api/api/v1/campaigns/latest-campaigns-with-delivery-stats,200,OK,Thread Group 1-35,text,true,,904,1784,95,95,https://app.quickconnect.biz/api/api/v1/campaigns/latest-campaigns-with-delivery-stats,2443,0,0
1728472510898,2444,https://app.quickconnect.biz/api/api/v1/campaigns/latest-campaigns-with-delivery-stats,200,OK,Thread Group 1-38,text,true,,904,1784,95,95,https://app.quickconnect.biz/api/api/v1/campaigns/latest-campaigns-with-delivery-stats,2444,0,0
1728472511545,1849,https://app.quickconnect.biz/api/api/v1/dashboard/bar-diagram,200,OK,Thread Group 1-15,text,true,,1039,1866,95,95,https://app.quickconnect.biz/api/api/v1/dashboard/bar-diagram,1849,0,0
1728472509869,3523,Dashboard Test,200,"Number of samples in transaction : 3, number of failing samples : 0",Thread Group 1-15,,true,,3554,5141,95,95,null,3523,2,37
1728472510882,2520,https://app.quickconnect.biz/api/api/v1/campaigns/latest-campaigns-with-delivery-stats,200,OK,Thread Group 1-28,text,true,,904,1784,94,94,https://app.quickconnect.biz/api/api/v1/campaigns/latest-campaigns-with-delivery-stats,2520,0,0
1728472511021,2464,https://app.quickconnect.biz/api/api/v1/campaigns/latest-campaigns-with-delivery-stats,200,OK,Thread Group 1-37,text,true,,904,1784,94,94,https://app.quickconnect.biz/api/api/v1/campaigns/latest-campaigns-with-delivery-stats,2464,0,0
1728472511032,2457,https://app.quickconnect.biz/api/api/v1/campaigns/latest-campaigns-with-delivery-stats,200,OK,Thread Group 1-40,text,true,,904,1784,94,94,https://app.quickconnect.biz/api/api/v1/campaigns/latest-campaigns-with-delivery-stats,2457,0,0
1728472511100,2410,https://app.quickconnect.biz/api/api/v1/dashboard/bar-diagram,200,OK,Thread Group 1-1,text,true,,1039,1866,94,94,https://app.quickconnect.biz/api/api/v1/dashboard/bar-diagram,2410,0,0
1728472509730,3776,Dashboard Test,200,"Number of samples in transaction : 3, number of failing samples : 0",Thread Group 1-1,,true,,3554,5141,94,94,null,3776,4,65
1728472511021,2496,https://app.quickconnect.biz/api/api/v1/campaigns/latest-campaigns-with-delivery-stats,200,OK,Thread Group 1-44,text,true,,904,1784,93,93,https://app.quickconnect.biz/api/api/v1/campaigns/latest-campaigns-with-delivery-stats,2496,0,0
1728472511100,2482,https://app.quickconnect.biz/api/api/v1/campaigns/latest-campaigns-with-delivery-stats,200,OK,Thread Group 1-47,text,true,,904,1784,93,93,https://app.quickconnect.biz/api/api/v1/campaigns/latest-campaigns-with-delivery-stats,2482,0,0
1728472511277,2309,https://app.quickconnect.biz/api/api/v1/campaigns/latest-campaigns-with-delivery-stats,200,OK,Thread Group 1-48,text,true,,904,1784,93,93,https://app.quickconnect.biz/api/api/v1/campaigns/latest-campaigns-with-delivery-stats,2309,0,0
1728472511211,2377,https://app.quickconnect.biz/api/api/v1/dashboard/bar-diagram,200,OK,Thread Group 1-5,text,true,,1039,1866,93,93,https://app.quickconnect.biz/api/api/v1/dashboard/bar-diagram,2377,0,0
1728472509771,3816,Dashboard Test,200,"Number of samples in transaction : 3, number of failing samples : 0",Thread Group 1-5,,true,,3554,5141,93,93,null,3816,1,45
1728472511021,2567,https://app.quickconnect.biz/api/api/v1/campaigns/latest-campaigns-with-delivery-stats,200,OK,Thread Group 1-29,text,true,,904,1784,93,93,https://app.quickconnect.biz/api/api/v1/campaigns/latest-campaigns-with-delivery-stats,2567,0,0
1728472511027,2562,https://app.quickconnect.biz/api/api/v1/campaigns/latest-campaigns-with-delivery-stats,200,OK,Thread Group 1-50,text,true,,904,1784,92,92,https://app.quickconnect.biz/api/api/v1/campaigns/latest-campaigns-with-delivery-stats,2562,0,0
1728472511196,2399,https://app.quickconnect.biz/api/api/v1/campaigns/latest-campaigns-with-delivery-stats,200,OK,Thread Group 1-34,text,true,,904,1784,92,92,https://app.quickconnect.biz/api/api/v1/campaigns/latest-campaigns-with-delivery-stats,2399,0,0
1728472511616,2008,https://app.quickconnect.biz/api/api/v1/dashboard/bar-diagram,200,OK,Thread Group 1-14,text,true,,1039,1866,92,92,https://app.quickconnect.biz/api/api/v1/dashboard/bar-diagram,2008,0,0
1728472509860,3763,Dashboard Test,200,"Number of samples in transaction : 3, number of failing samples : 0",Thread Group 1-14,,true,,3554,5141,92,92,null,3763,1,47
1728472511385,2247,https://app.quickconnect.biz/api/api/v1/campaigns/latest-campaigns-with-delivery-stats,200,OK,Thread Group 1-54,text,true,,904,1784,91,91,https://app.quickconnect.biz/api/api/v1/campaigns/latest-campaigns-with-delivery-stats,2247,0,0
1728472511191,2489,https://app.quickconnect.biz/api/api/v1/dashboard/bar-diagram,200,OK,Thread Group 1-10,text,true,,1039,1866,91,91,https://app.quickconnect.biz/api/api/v1/dashboard/bar-diagram,2489,0,0
1728472509820,3859,Dashboard Test,200,"Number of samples in transaction : 3, number of failing samples : 0",Thread Group 1-10,,true,,3554,5141,91,91,null,3859,2,43
1728472511390,2292,https://app.quickconnect.biz/api/api/v1/campaigns/latest-campaigns-with-delivery-stats,200,OK,Thread Group 1-57,text,true,,904,1784,90,90,https://app.quickconnect.biz/api/api/v1/campaigns/latest-campaigns-with-delivery-stats,2292,0,0
1728472511823,1862,https://app.quickconnect.biz/api/api/v1/campaigns/latest-campaigns-with-delivery-stats,200,OK,Thread Group 1-61,text,true,,904,1784,90,90,https://app.quickconnect.biz/api/api/v1/campaigns/latest-campaigns-with-delivery-stats,1862,0,0
1728472511711,2000,https://app.quickconnect.biz/api/api/v1/campaigns/latest-campaigns-with-delivery-stats,200,OK,Thread Group 1-66,text,true,,904,1784,90,90,https://app.quickconnect.biz/api/api/v1/campaigns/latest-campaigns-with-delivery-stats,2000,0,0
1728472511814,1899,https://app.quickconnect.biz/api/api/v1/campaigns/latest-campaigns-with-delivery-stats,200,OK,Thread Group 1-68,text,true,,904,1784,90,90,https://app.quickconnect.biz/api/api/v1/campaigns/latest-campaigns-with-delivery-stats,1899,0,0
1728472511818,1901,https://app.quickconnect.biz/api/api/v1/dashboard/bar-diagram,200,OK,Thread Group 1-18,text,true,,1039,1866,90,90,https://app.quickconnect.biz/api/api/v1/dashboard/bar-diagram,1901,0,0
1728472509901,3818,Dashboard Test,200,"Number of samples in transaction : 3, number of failing samples : 0",Thread Group 1-18,,true,,3554,5141,90,90,null,3818,0,31
1728472510690,3099,https://app.quickconnect.biz/api/api/v1/conversations?page=1&perPage=20,200,OK,Thread Group 1-97,text,true,,1611,1491,89,89,https://app.quickconnect.biz/api/api/v1/conversations?perPage=20&page=1,3099,0,1039
1728472511605,2189,https://app.quickconnect.biz/api/api/v1/dashboard/bar-diagram,200,OK,Thread Group 1-9,text,true,,1039,1866,89,89,https://app.quickconnect.biz/api/api/v1/dashboard/bar-diagram,2189,0,0
1728472509810,3982,Dashboard Test,200,"Number of samples in transaction : 3, number of failing samples : 0",Thread Group 1-9,,true,,3554,5141,89,89,null,3982,2,38
1728472510700,3101,https://app.quickconnect.biz/api/api/v1/conversations?page=1&perPage=20,200,OK,Thread Group 1-98,text,true,,1611,1491,88,88,https://app.quickconnect.biz/api/api/v1/conversations?perPage=20&page=1,3101,0,1059
1728472510681,3125,https://app.quickconnect.biz/api/api/v1/conversations?page=1&perPage=20,200,OK,Thread Group 1-96,text,true,,1611,1491,88,88,https://app.quickconnect.biz/api/api/v1/conversations?perPage=20&page=1,3125,0,1049
1728472511995,1814,https://app.quickconnect.biz/api/api/v1/dashboard/bar-diagram,200,OK,Thread Group 1-16,text,true,,1039,1866,88,88,https://app.quickconnect.biz/api/api/v1/dashboard/bar-diagram,1814,0,0
1728472509879,3928,Dashboard Test,200,"Number of samples in transaction : 3, number of failing samples : 0",Thread Group 1-16,,true,,3554,5141,88,88,null,3928,2,44
1728472511736,2082,https://app.quickconnect.biz/api/api/v1/dashboard/bar-diagram,200,OK,Thread Group 1-13,text,true,,1039,1866,87,87,https://app.quickconnect.biz/api/api/v1/dashboard/bar-diagram,2082,0,0
1728472509849,3968,Dashboard Test,200,"Number of samples in transaction : 3, number of failing samples : 0",Thread Group 1-13,,true,,3554,5141,87,87,null,3968,1,41
1728472511100,2774,https://app.quickconnect.biz/api/api/v1/dashboard/bar-diagram,200,OK,Thread Group 1-4,text,true,,1039,1866,86,86,https://app.quickconnect.biz/api/api/v1/dashboard/bar-diagram,2774,0,0
1728472509761,4111,Dashboard Test,200,"Number of samples in transaction : 3, number of failing samples : 0",Thread Group 1-4,,true,,3554,5141,86,86,null,4111,3,51
1728472511689,2191,https://app.quickconnect.biz/api/api/v1/campaigns/latest-campaigns-with-delivery-stats,200,OK,Thread Group 1-63,text,true,,904,1784,85,85,https://app.quickconnect.biz/api/api/v1/campaigns/latest-campaigns-with-delivery-stats,2191,0,0
1728472512079,1803,https://app.quickconnect.biz/api/api/v1/dashboard/bar-diagram,200,OK,Thread Group 1-19,text,true,,1039,1866,85,85,https://app.quickconnect.biz/api/api/v1/dashboard/bar-diagram,1803,0,0
1728472509910,3969,Dashboard Test,200,"Number of samples in transaction : 3, number of failing samples : 0",Thread Group 1-19,,true,,3554,5141,85,85,null,3969,3,45
1728472512135,1761,https://app.quickconnect.biz/api/api/v1/campaigns/latest-campaigns-with-delivery-stats,200,OK,Thread Group 1-82,text,true,,904,1784,84,84,https://app.quickconnect.biz/api/api/v1/campaigns/latest-campaigns-with-delivery-stats,1761,0,0
1728472511818,2090,https://app.quickconnect.biz/api/api/v1/campaigns/latest-campaigns-with-delivery-stats,200,OK,Thread Group 1-77,text,true,,904,1784,84,84,https://app.quickconnect.biz/api/api/v1/campaigns/latest-campaigns-with-delivery-stats,2090,0,0
1728472511383,2538,https://app.quickconnect.biz/api/api/v1/dashboard/bar-diagram,200,OK,Thread Group 1-11,text,true,,1039,1866,84,84,https://app.quickconnect.biz/api/api/v1/dashboard/bar-diagram,2538,0,0
1728472509830,4090,Dashboard Test,200,"Number of samples in transaction : 3, number of failing samples : 0",Thread Group 1-11,,true,,3554,5141,84,84,null,4090,1,49
1728472511736,2267,https://app.quickconnect.biz/api/api/v1/campaigns/latest-campaigns-with-delivery-stats,200,OK,Thread Group 1-78,text,true,,904,1784,83,83,https://app.quickconnect.biz/api/api/v1/campaigns/latest-campaigns-with-delivery-stats,2267,0,0
1728472511621,2393,https://app.quickconnect.biz/api/api/v1/campaigns/latest-campaigns-with-delivery-stats,200,OK,Thread Group 1-59,text,true,,904,1784,83,83,https://app.quickconnect.biz/api/api/v1/campaigns/latest-campaigns-with-delivery-stats,2393,0,0
1728472511826,2203,https://app.quickconnect.biz/api/api/v1/campaigns/latest-campaigns-with-delivery-stats,200,OK,Thread Group 1-76,text,true,,904,1784,83,83,https://app.quickconnect.biz/api/api/v1/campaigns/latest-campaigns-with-delivery-stats,2203,0,0
1728472511419,2668,https://app.quickconnect.biz/api/api/v1/campaigns/latest-campaigns-with-delivery-stats,200,OK,Thread Group 1-55,text,true,,904,1784,83,83,https://app.quickconnect.biz/api/api/v1/campaigns/latest-campaigns-with-delivery-stats,2668,0,0
1728472512004,2084,https://app.quickconnect.biz/api/api/v1/campaigns/latest-campaigns-with-delivery-stats,200,OK,Thread Group 1-89,text,true,,904,1784,83,83,https://app.quickconnect.biz/api/api/v1/campaigns/latest-campaigns-with-delivery-stats,2084,0,0
1728472512112,1993,https://app.quickconnect.biz/api/api/v1/campaigns/latest-campaigns-with-delivery-stats,200,OK,Thread Group 1-83,text,true,,904,1784,83,83,https://app.quickconnect.biz/api/api/v1/campaigns/latest-campaigns-with-delivery-stats,1993,0,0
1728472512003,2102,https://app.quickconnect.biz/api/api/v1/campaigns/latest-campaigns-with-delivery-stats,200,OK,Thread Group 1-74,text,true,,904,1784,83,83,https://app.quickconnect.biz/api/api/v1/campaigns/latest-campaigns-with-delivery-stats,2102,0,0
1728472511692,2418,https://app.quickconnect.biz/api/api/v1/campaigns/latest-campaigns-with-delivery-stats,200,OK,Thread Group 1-69,text,true,,904,1784,83,83,https://app.quickconnect.biz/api/api/v1/campaigns/latest-campaigns-with-delivery-stats,2418,0,0
1728472511432,2757,https://app.quickconnect.biz/api/api/v1/campaigns/latest-campaigns-with-delivery-stats,200,OK,Thread Group 1-51,text,true,,904,1784,83,83,https://app.quickconnect.biz/api/api/v1/campaigns/latest-campaigns-with-delivery-stats,2757,0,0
1728472511738,2451,https://app.quickconnect.biz/api/api/v1/campaigns/latest-campaigns-with-delivery-stats,200,OK,Thread Group 1-62,text,true,,904,1784,83,83,https://app.quickconnect.biz/api/api/v1/campaigns/latest-campaigns-with-delivery-stats,2451,0,0
1728472511826,2369,https://app.quickconnect.biz/api/api/v1/dashboard/bar-diagram,200,OK,Thread Group 1-26,text,true,,1039,1866,83,83,https://app.quickconnect.biz/api/api/v1/dashboard/bar-diagram,2369,0,0
1728472509980,4215,Dashboard Test,200,"Number of samples in transaction : 3, number of failing samples : 0",Thread Group 1-26,,true,,3554,5141,83,83,null,4215,0,63
1728472511513,2687,https://app.quickconnect.biz/api/api/v1/campaigns/latest-campaigns-with-delivery-stats,200,OK,Thread Group 1-56,text,true,,904,1784,82,82,https://app.quickconnect.biz/api/api/v1/campaigns/latest-campaigns-with-delivery-stats,2687,0,0
1728472511595,2613,https://app.quickconnect.biz/api/api/v1/campaigns/latest-campaigns-with-delivery-stats,200,OK,Thread Group 1-72,text,true,,904,1784,82,82,https://app.quickconnect.biz/api/api/v1/campaigns/latest-campaigns-with-delivery-stats,2613,0,0
1728472511711,2569,https://app.quickconnect.biz/api/api/v1/dashboard/bar-diagram,200,OK,Thread Group 1-12,text,true,,1039,1866,82,82,https://app.quickconnect.biz/api/api/v1/dashboard/bar-diagram,2569,0,0
1728472509839,4441,Dashboard Test,200,"Number of samples in transaction : 3, number of failing samples : 0",Thread Group 1-12,,true,,3554,5141,82,82,null,4441,0,41
1728472512091,2192,https://app.quickconnect.biz/api/api/v1/campaigns/latest-campaigns-with-delivery-stats,200,OK,Thread Group 1-70,text,true,,904,1784,81,81,https://app.quickconnect.biz/api/api/v1/campaigns/latest-campaigns-with-delivery-stats,2192,0,0
1728472512909,1381,https://app.quickconnect.biz/api/api/v1/dashboard/bar-diagram,200,OK,Thread Group 1-32,text,true,,1039,1866,81,81,https://app.quickconnect.biz/api/api/v1/dashboard/bar-diagram,1381,0,0
1728472510040,4248,Dashboard Test,200,"Number of samples in transaction : 3, number of failing samples : 0",Thread Group 1-32,,true,,3554,5141,81,81,null,4248,2,68
1728472512681,1626,https://app.quickconnect.biz/api/api/v1/campaigns/latest-campaigns-with-delivery-stats,200,OK,Thread Group 1-100,text,true,,904,1784,80,80,https://app.quickconnect.biz/api/api/v1/campaigns/latest-campaigns-with-delivery-stats,1626,0,0
1728472511788,2529,https://app.quickconnect.biz/api/api/v1/campaigns/latest-campaigns-with-delivery-stats,200,OK,Thread Group 1-65,text,true,,904,1784,80,80,https://app.quickconnect.biz/api/api/v1/campaigns/latest-campaigns-with-delivery-stats,2529,0,0
1728472511621,2702,https://app.quickconnect.biz/api/api/v1/campaigns/latest-campaigns-with-delivery-stats,200,OK,Thread Group 1-60,text,true,,904,1784,80,80,https://app.quickconnect.biz/api/api/v1/campaigns/latest-campaigns-with-delivery-stats,2702,0,0
1728472511294,3046,https://app.quickconnect.biz/api/api/v1/campaigns/latest-campaigns-with-delivery-stats,200,OK,Thread Group 1-52,text,true,,904,1784,80,80,https://app.quickconnect.biz/api/api/v1/campaigns/latest-campaigns-with-delivery-stats,3046,0,0
1728472512946,1436,https://app.quickconnect.biz/api/api/v1/dashboard/bar-diagram,200,OK,Thread Group 1-20,text,true,,1039,1866,80,80,https://app.quickconnect.biz/api/api/v1/dashboard/bar-diagram,1436,0,0
1728472509920,4460,Dashboard Test,200,"Number of samples in transaction : 3, number of failing samples : 0",Thread Group 1-20,,true,,3554,5141,80,80,null,4460,1,40
1728472511193,3192,https://app.quickconnect.biz/api/api/v1/campaigns/latest-campaigns-with-delivery-stats,200,OK,Thread Group 1-49,text,true,,904,1784,79,79,https://app.quickconnect.biz/api/api/v1/campaigns/latest-campaigns-with-delivery-stats,3192,0,0
1728472512312,2078,https://app.quickconnect.biz/api/api/v1/campaigns/latest-campaigns-with-delivery-stats,200,OK,Thread Group 1-80,text,true,,904,1784,79,79,https://app.quickconnect.biz/api/api/v1/campaigns/latest-campaigns-with-delivery-stats,2078,0,0
1728472512016,2390,https://app.quickconnect.biz/api/api/v1/campaigns/latest-campaigns-with-delivery-stats,200,OK,Thread Group 1-73,text,true,,904,1784,79,79,https://app.quickconnect.biz/api/api/v1/campaigns/latest-campaigns-with-delivery-stats,2390,0,0
1728472511884,2534,https://app.quickconnect.biz/api/api/v1/campaigns/latest-campaigns-with-delivery-stats,200,OK,Thread Group 1-67,text,true,,904,1784,79,79,https://app.quickconnect.biz/api/api/v1/campaigns/latest-campaigns-with-delivery-stats,2534,0,0
1728472512835,1586,https://app.quickconnect.biz/api/api/v1/dashboard/bar-diagram,200,OK,Thread Group 1-41,text,true,,1039,1866,79,79,https://app.quickconnect.biz/api/api/v1/dashboard/bar-diagram,1586,0,0
1728472510130,4289,Dashboard Test,200,"Number of samples in transaction : 3, number of failing samples : 0",Thread Group 1-41,,true,,3554,5141,79,79,null,4289,1,72
1728472512400,2023,https://app.quickconnect.biz/api/api/v1/dashboard/bar-diagram,200,OK,Thread Group 1-42,text,true,,1039,1866,78,78,https://app.quickconnect.biz/api/api/v1/dashboard/bar-diagram,2023,0,0
1728472510140,4281,Dashboard Test,200,"Number of samples in transaction : 3, number of failing samples : 0",Thread Group 1-42,,true,,3554,5141,78,78,null,4281,1,62
1728472511603,2901,https://app.quickconnect.biz/api/api/v1/campaigns/latest-campaigns-with-delivery-stats,200,OK,Thread Group 1-64,text,true,,904,1784,77,77,https://app.quickconnect.biz/api/api/v1/campaigns/latest-campaigns-with-delivery-stats,2901,0,0
1728472512306,2210,https://app.quickconnect.biz/api/api/v1/dashboard/bar-diagram,200,OK,Thread Group 1-22,text,true,,1039,1866,77,77,https://app.quickconnect.biz/api/api/v1/dashboard/bar-diagram,2210,0,0
1728472509941,4573,Dashboard Test,200,"Number of samples in transaction : 3, number of failing samples : 0",Thread Group 1-22,,true,,3554,5141,77,77,null,4573,1,56
1728472512516,2069,https://app.quickconnect.biz/api/api/v1/dashboard/bar-diagram,200,OK,Thread Group 1-24,text,true,,1039,1866,76,76,https://app.quickconnect.biz/api/api/v1/dashboard/bar-diagram,2069,0,0
1728472509960,4624,Dashboard Test,200,"Number of samples in transaction : 3, number of failing samples : 0",Thread Group 1-24,,true,,3554,5141,76,76,null,4624,0,46
1728472512186,2399,https://app.quickconnect.biz/api/api/v1/campaigns/latest-campaigns-with-delivery-stats,200,OK,Thread Group 1-71,text,true,,904,1784,75,75,https://app.quickconnect.biz/api/api/v1/campaigns/latest-campaigns-with-delivery-stats,2399,0,0
1728472512898,1714,https://app.quickconnect.biz/api/api/v1/dashboard/bar-diagram,200,OK,Thread Group 1-39,text,true,,1039,1866,75,75,https://app.quickconnect.biz/api/api/v1/dashboard/bar-diagram,1714,0,0
1728472510111,4498,Dashboard Test,200,"Number of samples in transaction : 3, number of failing samples : 0",Thread Group 1-39,,true,,3554,5141,75,75,null,4498,2,82
1728472512730,1966,https://app.quickconnect.biz/api/api/v1/dashboard/bar-diagram,200,OK,Thread Group 1-31,text,true,,1039,1866,74,74,https://app.quickconnect.biz/api/api/v1/dashboard/bar-diagram,1966,0,0
1728472510032,4661,Dashboard Test,200,"Number of samples in transaction : 3, number of failing samples : 0",Thread Group 1-31,,true,,3554,5141,74,74,null,4661,2,74
1728472513591,1128,https://app.quickconnect.biz/api/api/v1/dashboard/bar-diagram,200,OK,Thread Group 1-50,text,true,,1039,1866,73,73,https://app.quickconnect.biz/api/api/v1/dashboard/bar-diagram,1128,0,0
1728472510220,4496,Dashboard Test,200,"Number of samples in transaction : 3, number of failing samples : 0",Thread Group 1-50,,true,,3554,5141,73,73,null,4496,2,40
1728472512397,2390,https://app.quickconnect.biz/api/api/v1/campaigns/latest-campaigns-with-delivery-stats,200,OK,Thread Group 1-93,text,true,,904,1784,72,72,https://app.quickconnect.biz/api/api/v1/campaigns/latest-campaigns-with-delivery-stats,2390,0,0
1728472512507,2286,https://app.quickconnect.biz/api/api/v1/campaigns/latest-campaigns-with-delivery-stats,200,OK,Thread Group 1-92,text,true,,904,1784,72,72,https://app.quickconnect.biz/api/api/v1/campaigns/latest-campaigns-with-delivery-stats,2286,0,0
1728472513143,1679,https://app.quickconnect.biz/api/api/v1/dashboard/bar-diagram,200,OK,Thread Group 1-27,text,true,,1039,1866,72,72,https://app.quickconnect.biz/api/api/v1/dashboard/bar-diagram,1679,0,0
1728472509990,4830,Dashboard Test,200,"Number of samples in transaction : 3, number of failing samples : 0",Thread Group 1-27,,true,,3554,5141,72,72,null,4830,1,93
1728472513490,1394,https://app.quickconnect.biz/api/api/v1/dashboard/bar-diagram,200,OK,Thread Group 1-40,text,true,,1039,1866,71,71,https://app.quickconnect.biz/api/api/v1/dashboard/bar-diagram,1394,0,0
1728472510120,4762,Dashboard Test,200,"Number of samples in transaction : 3, number of failing samples : 0",Thread Group 1-40,,true,,3554,5141,71,71,null,4762,1,72
1728472513325,1583,https://app.quickconnect.biz/api/api/v1/dashboard/bar-diagram,200,OK,Thread Group 1-58,text,true,,1039,1866,70,70,https://app.quickconnect.biz/api/api/v1/dashboard/bar-diagram,1583,0,0
1728472510300,4604,Dashboard Test,200,"Number of samples in transaction : 3, number of failing samples : 0",Thread Group 1-58,,true,,3554,5141,70,70,null,4604,3,40
1728472512215,2692,https://app.quickconnect.biz/api/api/v1/campaigns/latest-campaigns-with-delivery-stats,200,OK,Thread Group 1-79,text,true,,904,1784,70,70,https://app.quickconnect.biz/api/api/v1/campaigns/latest-campaigns-with-delivery-stats,2692,0,0
1728472512391,2534,https://app.quickconnect.biz/api/api/v1/dashboard/bar-diagram,200,OK,Thread Group 1-30,text,true,,1039,1866,69,69,https://app.quickconnect.biz/api/api/v1/dashboard/bar-diagram,2534,0,0
1728472510020,4902,Dashboard Test,200,"Number of samples in transaction : 3, number of failing samples : 0",Thread Group 1-30,,true,,3554,5141,69,69,null,4902,2,92
1728472512195,2733,https://app.quickconnect.biz/api/api/v1/campaigns/latest-campaigns-with-delivery-stats,200,OK,Thread Group 1-81,text,true,,904,1784,68,68,https://app.quickconnect.biz/api/api/v1/campaigns/latest-campaigns-with-delivery-stats,2733,0,0
1728472513583,1401,https://app.quickconnect.biz/api/api/v1/dashboard/bar-diagram,200,OK,Thread Group 1-47,text,true,,1039,1866,68,68,https://app.quickconnect.biz/api/api/v1/dashboard/bar-diagram,1401,0,0
1728472510191,4791,Dashboard Test,200,"Number of samples in transaction : 3, number of failing samples : 0",Thread Group 1-47,,true,,3554,5141,68,68,null,4791,1,44
1728472512732,2257,https://app.quickconnect.biz/api/api/v1/campaigns/latest-campaigns-with-delivery-stats,200,OK,Thread Group 1-94,text,true,,904,1784,67,67,https://app.quickconnect.biz/api/api/v1/campaigns/latest-campaigns-with-delivery-stats,2257,0,0
1728472513403,1591,https://app.quickconnect.biz/api/api/v1/dashboard/bar-diagram,200,OK,Thread Group 1-28,text,true,,1039,1866,67,67,https://app.quickconnect.biz/api/api/v1/dashboard/bar-diagram,1591,0,0
1728472510000,4993,Dashboard Test,200,"Number of samples in transaction : 3, number of failing samples : 0",Thread Group 1-28,,true,,3554,5141,67,67,null,4993,1,100
1728472513683,1318,https://app.quickconnect.biz/api/api/v1/dashboard/bar-diagram,200,OK,Thread Group 1-57,text,true,,1039,1866,66,66,https://app.quickconnect.biz/api/api/v1/dashboard/bar-diagram,1318,0,0
1728472510290,4708,Dashboard Test,200,"Number of samples in transaction : 3, number of failing samples : 0",Thread Group 1-57,,true,,3554,5141,66,66,null,4708,2,45
1728472512914,2096,https://app.quickconnect.biz/api/api/v1/campaigns/latest-campaigns-with-delivery-stats,200,OK,Thread Group 1-99,text,true,,904,1784,65,65,https://app.quickconnect.biz/api/api/v1/campaigns/latest-campaigns-with-delivery-stats,2096,0,0
1728472513597,1424,https://app.quickconnect.biz/api/api/v1/dashboard/bar-diagram,200,OK,Thread Group 1-34,text,true,,1039,1866,65,65,https://app.quickconnect.biz/api/api/v1/dashboard/bar-diagram,1424,0,0
1728472510060,4958,Dashboard Test,200,"Number of samples in transaction : 3, number of failing samples : 0",Thread Group 1-34,,true,,3554,5141,65,65,null,4958,2,88
1728472512842,2261,https://app.quickconnect.biz/api/api/v1/campaigns/latest-campaigns-with-delivery-stats,200,OK,Thread Group 1-86,text,true,,904,1784,64,64,https://app.quickconnect.biz/api/api/v1/campaigns/latest-campaigns-with-delivery-stats,2261,0,0
1728472513897,1207,https://app.quickconnect.biz/api/api/v1/dashboard/bar-diagram,200,OK,Thread Group 1-82,text,true,,1039,1866,64,64,https://app.quickconnect.biz/api/api/v1/dashboard/bar-diagram,1207,0,0
1728472510541,4562,Dashboard Test,200,"Number of samples in transaction : 3, number of failing samples : 0",Thread Group 1-82,,true,,3554,5141,64,64,null,4562,1,102
1728472512501,2605,https://app.quickconnect.biz/api/api/v1/campaigns/latest-campaigns-with-delivery-stats,200,OK,Thread Group 1-88,text,true,,904,1784,63,63,https://app.quickconnect.biz/api/api/v1/campaigns/latest-campaigns-with-delivery-stats,2605,0,0
1728472513589,1526,https://app.quickconnect.biz/api/api/v1/dashboard/bar-diagram,200,OK,Thread Group 1-29,text,true,,1039,1866,63,63,https://app.quickconnect.biz/api/api/v1/dashboard/bar-diagram,1526,0,0
1728472510011,5102,Dashboard Test,200,"Number of samples in transaction : 3, number of failing samples : 0",Thread Group 1-29,,true,,3554,5141,63,63,null,5102,1,92
1728472514419,705,https://app.quickconnect.biz/api/api/v1/dashboard/bar-diagram,200,OK,Thread Group 1-67,text,true,,1039,1866,62,62,https://app.quickconnect.biz/api/api/v1/dashboard/bar-diagram,705,0,0
1728472513344,1780,https://app.quickconnect.biz/api/api/v1/dashboard/bar-diagram,200,OK,Thread Group 1-38,text,true,,1039,1866,62,62,https://app.quickconnect.biz/api/api/v1/dashboard/bar-diagram,1780,0,0
1728472510101,5020,Dashboard Test,200,"Number of samples in transaction : 3, number of failing samples : 0",Thread Group 1-38,,true,,3554,5141,62,62,null,5020,2,59
1728472510389,4733,Dashboard Test,200,"Number of samples in transaction : 3, number of failing samples : 0",Thread Group 1-67,,true,,3554,5141,62,62,null,4733,1,36
1728472512728,2451,https://app.quickconnect.biz/api/api/v1/campaigns/latest-campaigns-with-delivery-stats,200,OK,Thread Group 1-85,text,true,,904,1784,60,60,https://app.quickconnect.biz/api/api/v1/campaigns/latest-campaigns-with-delivery-stats,2451,0,0
1728472512130,3052,https://app.quickconnect.biz/api/api/v1/dashboard/bar-diagram,200,OK,Thread Group 1-17,text,true,,1039,1866,60,60,https://app.quickconnect.biz/api/api/v1/dashboard/bar-diagram,3052,0,0
1728472509890,5292,Dashboard Test,200,"Number of samples in transaction : 3, number of failing samples : 0",Thread Group 1-17,,true,,3554,5141,60,60,null,5292,0,46
1728472512390,2798,https://app.quickconnect.biz/api/api/v1/campaigns/latest-campaigns-with-delivery-stats,200,OK,Thread Group 1-87,text,true,,904,1784,59,59,https://app.quickconnect.biz/api/api/v1/campaigns/latest-campaigns-with-delivery-stats,2798,0,0
1728472512634,2562,https://app.quickconnect.biz/api/api/v1/dashboard/bar-diagram,200,OK,Thread Group 1-23,text,true,,1039,1866,59,59,https://app.quickconnect.biz/api/api/v1/dashboard/bar-diagram,2562,0,0
1728472509952,5241,Dashboard Test,200,"Number of samples in transaction : 3, number of failing samples : 0",Thread Group 1-23,,true,,3554,5141,59,59,null,5241,2,46
1728472513633,1570,https://app.quickconnect.biz/api/api/v1/dashboard/bar-diagram,200,OK,Thread Group 1-54,text,true,,1039,1866,58,58,https://app.quickconnect.biz/api/api/v1/dashboard/bar-diagram,1570,0,0
1728472510261,4940,Dashboard Test,200,"Number of samples in transaction : 3, number of failing samples : 0",Thread Group 1-54,,true,,3554,5141,58,58,null,4940,1,36
1728472514005,1198,https://app.quickconnect.biz/api/api/v1/dashboard/bar-diagram,200,OK,Thread Group 1-78,text,true,,1039,1866,58,58,https://app.quickconnect.biz/api/api/v1/dashboard/bar-diagram,1198,0,0
1728472510500,4700,Dashboard Test,200,"Number of samples in transaction : 3, number of failing samples : 0",Thread Group 1-78,,true,,3554,5141,58,58,null,4700,2,91
1728472512708,2517,https://app.quickconnect.biz/api/api/v1/dashboard/bar-diagram,200,OK,Thread Group 1-21,text,true,,1039,1866,56,56,https://app.quickconnect.biz/api/api/v1/dashboard/bar-diagram,2517,0,0
1728472509931,5293,Dashboard Test,200,"Number of samples in transaction : 3, number of failing samples : 0",Thread Group 1-21,,true,,3554,5141,56,56,null,5293,0,40
1728472514284,948,https://app.quickconnect.biz/api/api/v1/dashboard/bar-diagram,200,OK,Thread Group 1-70,text,true,,1039,1866,55,55,https://app.quickconnect.biz/api/api/v1/dashboard/bar-diagram,948,0,0
1728472510420,4811,Dashboard Test,200,"Number of samples in transaction : 3, number of failing samples : 0",Thread Group 1-70,,true,,3554,5141,55,55,null,4811,0,129
1728472512790,2486,https://app.quickconnect.biz/api/api/v1/dashboard/bar-diagram,200,OK,Thread Group 1-33,text,true,,1039,1866,54,54,https://app.quickconnect.biz/api/api/v1/dashboard/bar-diagram,2486,0,0
1728472510051,5224,Dashboard Test,200,"Number of samples in transaction : 3, number of failing samples : 0",Thread Group 1-33,,true,,3554,5141,54,54,null,5222,1,98
1728472513713,1583,https://app.quickconnect.biz/api/api/v1/dashboard/bar-diagram,200,OK,Thread Group 1-66,text,true,,1039,1866,53,53,https://app.quickconnect.biz/api/api/v1/dashboard/bar-diagram,1583,0,0
1728472510383,4911,Dashboard Test,200,"Number of samples in transaction : 3, number of failing samples : 0",Thread Group 1-66,,true,,3554,5141,53,53,null,4911,1,43
1728472514090,1204,https://app.quickconnect.biz/api/api/v1/dashboard/bar-diagram,200,OK,Thread Group 1-89,text,true,,1039,1866,53,53,https://app.quickconnect.biz/api/api/v1/dashboard/bar-diagram,1204,0,0
1728472510611,4681,Dashboard Test,200,"Number of samples in transaction : 3, number of failing samples : 0",Thread Group 1-89,,true,,3554,5141,53,53,null,4681,3,134
1728472513802,1484,https://app.quickconnect.biz/api/api/v1/campaigns/latest-campaigns-with-delivery-stats,200,OK,Thread Group 1-98,text,true,,904,1784,53,53,https://app.quickconnect.biz/api/api/v1/campaigns/latest-campaigns-with-delivery-stats,1484,0,0
1728472513327,1956,https://app.quickconnect.biz/api/api/v1/dashboard/bar-diagram,200,OK,Thread Group 1-35,text,true,,1039,1866,53,53,https://app.quickconnect.biz/api/api/v1/dashboard/bar-diagram,1956,0,0
1728472510070,5211,Dashboard Test,200,"Number of samples in transaction : 3, number of failing samples : 0",Thread Group 1-35,,true,,3554,5141,53,53,null,5211,14,68
1728472514106,1200,https://app.quickconnect.biz/api/api/v1/dashboard/bar-diagram,200,OK,Thread Group 1-74,text,true,,1039,1866,50,50,https://app.quickconnect.biz/api/api/v1/dashboard/bar-diagram,1200,0,0
1728472510460,4843,Dashboard Test,200,"Number of samples in transaction : 3, number of failing samples : 0",Thread Group 1-74,,true,,3554,5141,50,50,null,4843,2,114
1728472514407,904,https://app.quickconnect.biz/api/api/v1/dashboard/bar-diagram,200,OK,Thread Group 1-73,text,true,,1039,1866,49,49,https://app.quickconnect.biz/api/api/v1/dashboard/bar-diagram,904,0,0
1728472512824,2487,https://app.quickconnect.biz/api/api/v1/dashboard/bar-diagram,200,OK,Thread Group 1-46,text,true,,1039,1866,49,49,https://app.quickconnect.biz/api/api/v1/dashboard/bar-diagram,2487,0,0
1728472510181,5129,Dashboard Test,200,"Number of samples in transaction : 3, number of failing samples : 0",Thread Group 1-46,,true,,3554,5141,49,49,null,5129,0,49
1728472510450,4858,Dashboard Test,200,"Number of samples in transaction : 3, number of failing samples : 0",Thread Group 1-73,,true,,3554,5141,49,49,null,4858,2,140
1728472513216,2102,https://app.quickconnect.biz/api/api/v1/dashboard/bar-diagram,200,OK,Thread Group 1-45,text,true,,1039,1866,47,47,https://app.quickconnect.biz/api/api/v1/dashboard/bar-diagram,2102,0,0
1728472510171,5144,Dashboard Test,200,"Number of samples in transaction : 3, number of failing samples : 0",Thread Group 1-45,,true,,3554,5141,47,47,null,5144,2,51
1728472514342,997,https://app.quickconnect.biz/api/api/v1/dashboard/bar-diagram,200,OK,Thread Group 1-52,text,true,,1039,1866,46,46,https://app.quickconnect.biz/api/api/v1/dashboard/bar-diagram,997,0,0
1728472510242,5095,Dashboard Test,200,"Number of samples in transaction : 3, number of failing samples : 0",Thread Group 1-52,,true,,3554,5141,46,46,null,5095,1,39
1728472513686,1696,https://app.quickconnect.biz/api/api/v1/dashboard/bar-diagram,200,OK,Thread Group 1-61,text,true,,1039,1866,45,45,https://app.quickconnect.biz/api/api/v1/dashboard/bar-diagram,1696,0,0
1728472510332,5049,Dashboard Test,200,"Number of samples in transaction : 3, number of failing samples : 0",Thread Group 1-61,,true,,3554,5141,45,45,null,5049,0,38
1728472513323,2063,https://app.quickconnect.biz/api/api/v1/dashboard/bar-diagram,200,OK,Thread Group 1-53,text,true,,1039,1866,44,44,https://app.quickconnect.biz/api/api/v1/dashboard/bar-diagram,2063,0,0
1728472510251,5133,Dashboard Test,200,"Number of samples in transaction : 3, number of failing samples : 0",Thread Group 1-53,,true,,3554,5141,44,44,null,5133,1,48
1728472512631,2764,https://app.quickconnect.biz/api/api/v1/campaigns/latest-campaigns-with-delivery-stats,200,OK,Thread Group 1-90,text,true,,904,1784,43,43,https://app.quickconnect.biz/api/api/v1/campaigns/latest-campaigns-with-delivery-stats,2764,0,0
1728472514190,1210,https://app.quickconnect.biz/api/api/v1/dashboard/bar-diagram,200,OK,Thread Group 1-51,text,true,,1039,1866,43,43,https://app.quickconnect.biz/api/api/v1/dashboard/bar-diagram,1210,0,0
1728472510230,5168,Dashboard Test,200,"Number of samples in transaction : 3, number of failing samples : 0",Thread Group 1-51,,true,,3554,5141,43,43,null,5168,1,51
1728472514794,617,https://app.quickconnect.biz/api/api/v1/dashboard/bar-diagram,200,OK,Thread Group 1-92,text,true,,1039,1866,42,42,https://app.quickconnect.biz/api/api/v1/dashboard/bar-diagram,617,0,0
1728472513791,1620,https://app.quickconnect.biz/api/api/v1/campaigns/latest-campaigns-with-delivery-stats,200,OK,Thread Group 1-97,text,true,,904,1784,42,42,https://app.quickconnect.biz/api/api/v1/campaigns/latest-campaigns-with-delivery-stats,1620,0,0
1728472510641,4767,Dashboard Test,200,"Number of samples in transaction : 3, number of failing samples : 0",Thread Group 1-92,,true,,3554,5141,42,42,null,4767,2,137
1728472514015,1403,https://app.quickconnect.biz/api/api/v1/dashboard/bar-diagram,200,OK,Thread Group 1-59,text,true,,1039,1866,41,41,https://app.quickconnect.biz/api/api/v1/dashboard/bar-diagram,1403,0,0
1728472510312,5105,Dashboard Test,200,"Number of samples in transaction : 3, number of failing samples : 0",Thread Group 1-59,,true,,3554,5141,41,41,null,5105,0,33
1728472513910,1513,https://app.quickconnect.biz/api/api/v1/dashboard/bar-diagram,200,OK,Thread Group 1-77,text,true,,1039,1866,40,40,https://app.quickconnect.biz/api/api/v1/dashboard/bar-diagram,1513,0,0
1728472510490,4931,Dashboard Test,200,"Number of samples in transaction : 3, number of failing samples : 0",Thread Group 1-77,,true,,3554,5141,40,40,null,4931,1,103
1728472512917,2507,https://app.quickconnect.biz/api/api/v1/campaigns/latest-campaigns-with-delivery-stats,200,OK,Thread Group 1-95,text,true,,904,1784,39,39,https://app.quickconnect.biz/api/api/v1/campaigns/latest-campaigns-with-delivery-stats,2507,0,0
1728472513807,1667,https://app.quickconnect.biz/api/api/v1/campaigns/latest-campaigns-with-delivery-stats,200,OK,Thread Group 1-96,text,true,,904,1784,39,39,https://app.quickconnect.biz/api/api/v1/campaigns/latest-campaigns-with-delivery-stats,1667,0,0
1728472514201,1289,https://app.quickconnect.biz/api/api/v1/dashboard/bar-diagram,200,OK,Thread Group 1-56,text,true,,1039,1866,39,39,https://app.quickconnect.biz/api/api/v1/dashboard/bar-diagram,1289,0,0
1728472510281,5207,Dashboard Test,200,"Number of samples in transaction : 3, number of failing samples : 0",Thread Group 1-56,,true,,3554,5141,39,39,null,5207,1,44
1728472514106,1396,https://app.quickconnect.biz/api/api/v1/dashboard/bar-diagram,200,OK,Thread Group 1-83,text,true,,1039,1866,38,38,https://app.quickconnect.biz/api/api/v1/dashboard/bar-diagram,1396,0,0
1728472510551,4950,Dashboard Test,200,"Number of samples in transaction : 3, number of failing samples : 0",Thread Group 1-83,,true,,3554,5141,38,38,null,4950,0,111
1728472512424,3079,https://app.quickconnect.biz/api/api/v1/campaigns/latest-campaigns-with-delivery-stats,200,OK,Thread Group 1-84,text,true,,904,1784,37,37,https://app.quickconnect.biz/api/api/v1/campaigns/latest-campaigns-with-delivery-stats,3079,0,0
1728472512637,2870,https://app.quickconnect.biz/api/api/v1/campaigns/latest-campaigns-with-delivery-stats,200,OK,Thread Group 1-91,text,true,,904,1784,37,37,https://app.quickconnect.biz/api/api/v1/campaigns/latest-campaigns-with-delivery-stats,2870,0,0
1728472512691,2818,https://app.quickconnect.biz/api/api/v1/dashboard/bar-diagram,200,OK,Thread Group 1-25,text,true,,1039,1866,37,37,https://app.quickconnect.biz/api/api/v1/dashboard/bar-diagram,2818,0,0
1728472509969,5536,Dashboard Test,200,"Number of samples in transaction : 3, number of failing samples : 0",Thread Group 1-25,,true,,3554,5141,37,37,null,5536,3,72
1728472514112,1399,https://app.quickconnect.biz/api/api/v1/dashboard/bar-diagram,200,OK,Thread Group 1-69,text,true,,1039,1866,36,36,https://app.quickconnect.biz/api/api/v1/dashboard/bar-diagram,1399,0,0
1728472510410,5097,Dashboard Test,200,"Number of samples in transaction : 3, number of failing samples : 0",Thread Group 1-69,,true,,3554,5141,36,36,null,5097,3,133
1728472513241,2276,https://app.quickconnect.biz/api/api/v1/dashboard/bar-diagram,200,OK,Thread Group 1-36,text,true,,1039,1866,35,35,https://app.quickconnect.biz/api/api/v1/dashboard/bar-diagram,2276,0,0
1728472510080,5426,Dashboard Test,200,"Number of samples in transaction : 3, number of failing samples : 0",Thread Group 1-36,,true,,3554,5141,35,35,null,5426,10,69
1728472514031,1494,https://app.quickconnect.biz/api/api/v1/dashboard/bar-diagram,200,OK,Thread Group 1-76,text,true,,1039,1866,34,34,https://app.quickconnect.biz/api/api/v1/dashboard/bar-diagram,1494,0,0
1728472514210,1315,https://app.quickconnect.biz/api/api/v1/dashboard/bar-diagram,200,OK,Thread Group 1-72,text,true,,1039,1866,34,34,https://app.quickconnect.biz/api/api/v1/dashboard/bar-diagram,1315,0,0
1728472510480,5043,Dashboard Test,200,"Number of samples in transaction : 3, number of failing samples : 0",Thread Group 1-76,,true,,3554,5141,34,34,null,5043,1,155
1728472510441,5081,Dashboard Test,200,"Number of samples in transaction : 3, number of failing samples : 0",Thread Group 1-72,,true,,3554,5141,34,34,null,5081,2,150
1728472515106,446,https://app.quickconnect.biz/api/api/v1/dashboard/bar-diagram,200,OK,Thread Group 1-88,text,true,,1039,1866,32,32,https://app.quickconnect.biz/api/api/v1/dashboard/bar-diagram,446,0,0
1728472510600,4949,Dashboard Test,200,"Number of samples in transaction : 3, number of failing samples : 0",Thread Group 1-88,,true,,3554,5141,32,32,null,4949,2,144
1728472512888,2713,https://app.quickconnect.biz/api/api/v1/dashboard/bar-diagram,200,OK,Thread Group 1-43,text,true,,1039,1866,31,31,https://app.quickconnect.biz/api/api/v1/dashboard/bar-diagram,2713,0,0
1728472510150,5449,Dashboard Test,200,"Number of samples in transaction : 3, number of failing samples : 0",Thread Group 1-43,,true,,3554,5141,31,31,null,5449,2,85
1728472513518,2084,https://app.quickconnect.biz/api/api/v1/dashboard/bar-diagram,200,OK,Thread Group 1-44,text,true,,1039,1866,30,30,https://app.quickconnect.biz/api/api/v1/dashboard/bar-diagram,2084,0,0
1728472510161,5439,Dashboard Test,200,"Number of samples in transaction : 3, number of failing samples : 0",Thread Group 1-44,,true,,3554,5141,30,30,null,5439,1,62
1728472514324,1305,https://app.quickconnect.biz/api/api/v1/dashboard/bar-diagram,200,OK,Thread Group 1-60,text,true,,1039,1866,29,29,https://app.quickconnect.biz/api/api/v1/dashboard/bar-diagram,1305,0,0
1728472510320,5307,Dashboard Test,200,"Number of samples in transaction : 3, number of failing samples : 0",Thread Group 1-60,,true,,3554,5141,29,29,null,5307,1,42
1728472515296,386,https://app.quickconnect.biz/api/api/v1/dashboard/bar-diagram,200,OK,Thread Group 1-98,text,true,,1039,1866,28,28,https://app.quickconnect.biz/api/api/v1/dashboard/bar-diagram,386,0,0
1728472510700,4971,Dashboard Test,200,"Number of samples in transaction : 3, number of failing samples : 0",Thread Group 1-98,,true,,3554,5141,28,28,null,4971,10,1059
1728472512201,3488,https://app.quickconnect.biz/api/api/v1/campaigns/latest-campaigns-with-delivery-stats,200,OK,Thread Group 1-75,text,true,,904,1784,27,27,https://app.quickconnect.biz/api/api/v1/campaigns/latest-campaigns-with-delivery-stats,3488,0,0
1728472513714,1980,https://app.quickconnect.biz/api/api/v1/dashboard/bar-diagram,200,OK,Thread Group 1-68,text,true,,1039,1866,27,27,https://app.quickconnect.biz/api/api/v1/dashboard/bar-diagram,1980,0,0
1728472510400,5292,Dashboard Test,200,"Number of samples in transaction : 3, number of failing samples : 0",Thread Group 1-68,,true,,3554,5141,27,27,null,5292,2,82
1728472513587,2114,https://app.quickconnect.biz/api/api/v1/dashboard/bar-diagram,200,OK,Thread Group 1-48,text,true,,1039,1866,26,26,https://app.quickconnect.biz/api/api/v1/dashboard/bar-diagram,2114,0,0
1728472510201,5498,Dashboard Test,200,"Number of samples in transaction : 3, number of failing samples : 0",Thread Group 1-48,,true,,3554,5141,26,26,null,5498,1,53
1728472514990,725,https://app.quickconnect.biz/api/api/v1/dashboard/bar-diagram,200,OK,Thread Group 1-94,text,true,,1039,1866,25,25,https://app.quickconnect.biz/api/api/v1/dashboard/bar-diagram,725,0,0
1728472510660,5052,Dashboard Test,200,"Number of samples in transaction : 3, number of failing samples : 0",Thread Group 1-94,,true,,3554,5141,25,25,null,5052,2,142
1728472514307,1408,https://app.quickconnect.biz/api/api/v1/dashboard/bar-diagram,200,OK,Thread Group 1-100,text,true,,1039,1866,25,25,https://app.quickconnect.biz/api/api/v1/dashboard/bar-diagram,1408,0,0
1728472510721,4991,Dashboard Test,200,"Number of samples in transaction : 3, number of failing samples : 0",Thread Group 1-100,,true,,3554,5141,25,25,null,4991,3,153
1728472515010,718,https://app.quickconnect.biz/api/api/v1/dashboard/bar-diagram,200,OK,Thread Group 1-99,text,true,,1039,1866,23,23,https://app.quickconnect.biz/api/api/v1/dashboard/bar-diagram,718,0,0
1728472510711,5016,Dashboard Test,200,"Number of samples in transaction : 3, number of failing samples : 0",Thread Group 1-99,,true,,3554,5141,23,23,null,5016,0,164
1728472514088,1656,https://app.quickconnect.biz/api/api/v1/dashboard/bar-diagram,200,OK,Thread Group 1-55,text,true,,1039,1866,22,22,https://app.quickconnect.biz/api/api/v1/dashboard/bar-diagram,1656,0,0
1728472510271,5471,Dashboard Test,200,"Number of samples in transaction : 3, number of failing samples : 0",Thread Group 1-55,,true,,3554,5141,22,22,null,5471,1,46
1728472515188,563,https://app.quickconnect.biz/api/api/v1/dashboard/bar-diagram,200,OK,Thread Group 1-87,text,true,,1039,1866,21,21,https://app.quickconnect.biz/api/api/v1/dashboard/bar-diagram,563,0,0
1728472510590,5158,Dashboard Test,200,"Number of samples in transaction : 3, number of failing samples : 0",Thread Group 1-87,,true,,3554,5141,21,21,null,5158,2,154
1728472513487,2289,https://app.quickconnect.biz/api/api/v1/dashboard/bar-diagram,200,OK,Thread Group 1-37,text,true,,1039,1866,20,20,https://app.quickconnect.biz/api/api/v1/dashboard/bar-diagram,2289,0,0
1728472510091,5682,Dashboard Test,200,"Number of samples in transaction : 3, number of failing samples : 0",Thread Group 1-37,,true,,3554,5141,20,20,null,5682,2,59
1728472514787,994,https://app.quickconnect.biz/api/api/v1/dashboard/bar-diagram,200,OK,Thread Group 1-93,text,true,,1039,1866,19,19,https://app.quickconnect.biz/api/api/v1/dashboard/bar-diagram,994,0,0
1728472510651,5128,Dashboard Test,200,"Number of samples in transaction : 3, number of failing samples : 0",Thread Group 1-93,,true,,3554,5141,19,19,null,5128,2,128
1728472514191,1594,https://app.quickconnect.biz/api/api/v1/dashboard/bar-diagram,200,OK,Thread Group 1-62,text,true,,1039,1866,18,18,https://app.quickconnect.biz/api/api/v1/dashboard/bar-diagram,1594,0,0
1728472510342,5440,Dashboard Test,200,"Number of samples in transaction : 3, number of failing samples : 0",Thread Group 1-62,,true,,3554,5141,18,18,null,5440,2,37
1728472514386,1418,https://app.quickconnect.biz/api/api/v1/dashboard/bar-diagram,200,OK,Thread Group 1-49,text,true,,1039,1866,17,17,https://app.quickconnect.biz/api/api/v1/dashboard/bar-diagram,1418,0,0
1728472510211,5591,Dashboard Test,200,"Number of samples in transaction : 3, number of failing samples : 0",Thread Group 1-49,,true,,3554,5141,17,17,null,5591,7,48
1728472514390,1412,https://app.quickconnect.biz/api/api/v1/dashboard/bar-diagram,200,OK,Thread Group 1-80,text,true,,1039,1866,17,17,https://app.quickconnect.biz/api/api/v1/dashboard/bar-diagram,1412,0,0
1728472514587,1215,https://app.quickconnect.biz/api/api/v1/dashboard/bar-diagram,200,OK,Thread Group 1-71,text,true,,1039,1866,17,17,https://app.quickconnect.biz/api/api/v1/dashboard/bar-diagram,1215,0,0
1728472510521,5279,Dashboard Test,200,"Number of samples in transaction : 3, number of failing samples : 0",Thread Group 1-80,,true,,3554,5141,17,17,null,5279,9,114
1728472510431,5368,Dashboard Test,200,"Number of samples in transaction : 3, number of failing samples : 0",Thread Group 1-71,,true,,3554,5141,17,17,null,5368,10,160
1728472514319,1475,https://app.quickconnect.biz/api/api/v1/dashboard/bar-diagram,200,OK,Thread Group 1-65,text,true,,1039,1866,17,17,https://app.quickconnect.biz/api/api/v1/dashboard/bar-diagram,1475,0,0
1728472515474,318,https://app.quickconnect.biz/api/api/v1/dashboard/bar-diagram,200,OK,Thread Group 1-96,text,true,,1039,1866,17,17,https://app.quickconnect.biz/api/api/v1/dashboard/bar-diagram,318,0,0
1728472510681,5110,Dashboard Test,200,"Number of samples in transaction : 3, number of failing samples : 0",Thread Group 1-96,,true,,3554,5141,17,17,null,5110,18,1049
1728472510371,5421,Dashboard Test,200,"Number of samples in transaction : 3, number of failing samples : 0",Thread Group 1-65,,true,,3554,5141,17,17,null,5421,17,34
1728472513882,1946,https://app.quickconnect.biz/api/api/v1/dashboard/bar-diagram,200,OK,Thread Group 1-63,text,true,,1039,1866,12,12,https://app.quickconnect.biz/api/api/v1/dashboard/bar-diagram,1946,0,0
1728472510352,5473,Dashboard Test,200,"Number of samples in transaction : 3, number of failing samples : 0",Thread Group 1-63,,true,,3554,5141,12,12,null,5473,2,35
1728472514930,914,https://app.quickconnect.biz/api/api/v1/dashboard/bar-diagram,200,OK,Thread Group 1-81,text,true,,1039,1866,11,11,https://app.quickconnect.biz/api/api/v1/dashboard/bar-diagram,914,0,0
1728472510531,5310,Dashboard Test,200,"Number of samples in transaction : 3, number of failing samples : 0",Thread Group 1-81,,true,,3554,5141,11,11,null,5310,2,112
1728472515424,470,https://app.quickconnect.biz/api/api/v1/dashboard/bar-diagram,200,OK,Thread Group 1-95,text,true,,1039,1866,10,10,https://app.quickconnect.biz/api/api/v1/dashboard/bar-diagram,470,0,0
1728472510670,5222,Dashboard Test,200,"Number of samples in transaction : 3, number of failing samples : 0",Thread Group 1-95,,true,,3554,5141,10,10,null,5222,1,132
1728472515179,816,https://app.quickconnect.biz/api/api/v1/dashboard/bar-diagram,200,OK,Thread Group 1-85,text,true,,1039,1866,9,9,https://app.quickconnect.biz/api/api/v1/dashboard/bar-diagram,816,0,0
1728472510570,5423,Dashboard Test,200,"Number of samples in transaction : 3, number of failing samples : 0",Thread Group 1-85,,true,,3554,5141,9,9,null,5423,1,175
1728472515411,598,https://app.quickconnect.biz/api/api/v1/dashboard/bar-diagram,200,OK,Thread Group 1-97,text,true,,1039,1866,8,8,https://app.quickconnect.biz/api/api/v1/dashboard/bar-diagram,598,0,0
1728472510690,5317,Dashboard Test,200,"Number of samples in transaction : 3, number of failing samples : 0",Thread Group 1-97,,true,,3554,5141,8,8,null,5317,1,1039
1728472514506,1520,https://app.quickconnect.biz/api/api/v1/dashboard/bar-diagram,200,OK,Thread Group 1-64,text,true,,1039,1866,7,7,https://app.quickconnect.biz/api/api/v1/dashboard/bar-diagram,1520,0,0
1728472510361,5661,Dashboard Test,200,"Number of samples in transaction : 3, number of failing samples : 0",Thread Group 1-64,,true,,3554,5141,7,7,null,5661,4,34
1728472515690,338,https://app.quickconnect.biz/api/api/v1/dashboard/bar-diagram,200,OK,Thread Group 1-75,text,true,,1039,1866,6,6,https://app.quickconnect.biz/api/api/v1/dashboard/bar-diagram,338,0,0
1728472510470,5557,Dashboard Test,200,"Number of samples in transaction : 3, number of failing samples : 0",Thread Group 1-75,,true,,3554,5141,6,6,null,5557,0,105
1728472515503,583,https://app.quickconnect.biz/api/api/v1/dashboard/bar-diagram,200,OK,Thread Group 1-84,text,true,,1039,1866,5,5,https://app.quickconnect.biz/api/api/v1/dashboard/bar-diagram,583,0,0
1728472510560,5523,Dashboard Test,200,"Number of samples in transaction : 3, number of failing samples : 0",Thread Group 1-84,,true,,3554,5141,5,5,null,5523,2,173
1728472515507,585,https://app.quickconnect.biz/api/api/v1/dashboard/bar-diagram,200,OK,Thread Group 1-91,text,true,,1039,1866,4,4,https://app.quickconnect.biz/api/api/v1/dashboard/bar-diagram,585,0,0
1728472510631,5460,Dashboard Test,200,"Number of samples in transaction : 3, number of failing samples : 0",Thread Group 1-91,,true,,3554,5141,4,4,null,5460,0,143
1728472515396,702,https://app.quickconnect.biz/api/api/v1/dashboard/bar-diagram,200,OK,Thread Group 1-90,text,true,,1039,1866,3,3,https://app.quickconnect.biz/api/api/v1/dashboard/bar-diagram,702,0,0
1728472510621,5475,Dashboard Test,200,"Number of samples in transaction : 3, number of failing samples : 0",Thread Group 1-90,,true,,3554,5141,3,3,null,5475,1,152
1728472515103,1049,https://app.quickconnect.biz/api/api/v1/dashboard/bar-diagram,200,OK,Thread Group 1-86,text,true,,1039,1866,2,2,https://app.quickconnect.biz/api/api/v1/dashboard/bar-diagram,1049,0,0
1728472510580,5571,Dashboard Test,200,"Number of samples in transaction : 3, number of failing samples : 0",Thread Group 1-86,,true,,3554,5141,2,2,null,5571,1,165
1728472514908,1268,https://app.quickconnect.biz/api/api/v1/dashboard/bar-diagram,200,OK,Thread Group 1-79,text,true,,1039,1866,1,1,https://app.quickconnect.biz/api/api/v1/dashboard/bar-diagram,1268,0,0
1728472510510,5661,Dashboard Test,200,"Number of samples in transaction : 3, number of failing samples : 0",Thread Group 1-79,,true,,3554,5141,1,1,null,5661,4,127
